target_type,target_id,risk_score,intelligence_confidence,investigation_priority,trade_score,route_score,entity_score,linguistic_score,animal_score,cross_evidence_alignment,evidence_stream_count,evidence_streams,supporting_incidents,supporting_routes,supporting_actors,explanation
ROUTE,RTE-F51C2F2E,81.64,81.67,IMMEDIATE,88.0,84.44,86.85,60.0,0.0,45.0,4,TRADE|ROUTE|ENTITY|LINGUISTIC,INC-EA003C6C|INC-B7B4001A|INC-1D3FC12F|INC-18B3A5B0|INC-17AA367E|INC-A8E89DAC|INC-62F9706C|INC-A87B0AD0|INC-30BA3CAE|INC-BE5B30E7,RTE-F51C2F2E,ACT-DUP-0007|ACT-DUP-0002|ACT-A7290540|ACT-5535B8FF|ACT-DUP-0005,This route shows a high-risk pattern (score 81.6) with coded communication signals detected in associated messages.
ROUTE,RTE-15641305,80.86,81.77,IMMEDIATE,82.08,88.53,84.71,60.0,0.0,45.0,4,TRADE|ROUTE|ENTITY|LINGUISTIC,INC-0900EA33|INC-3B76D32D|INC-B0143C0C|INC-6D25D6CE|INC-6E06FEF9|INC-4C54C68E|INC-94B20477|INC-C34BD297|INC-E52BE33F|INC-37FAC3CA,RTE-15641305,ACT-DUP-0007|ACT-DUP-0002|ACT-130BC3BE|ACT-DUP-0005|ACT-DUP-0001,This route shows a high-risk pattern (score 80.9) with coded communication signals detected in associated messages.
LOCATION,Mombasa,78.04,84.59,HIGH,81.63,76.7,78.18,71.56,0.0,40.0,4,TRADE|ROUTE|ENTITY|LINGUISTIC,INC-0EC4B271|INC-73CA5741|INC-E68D0BDF|INC-5E8DF0E8|INC-15999B13|INC-F3B15553|INC-0D9BA78C|INC-01D7FC4F|INC-C3E926DF|INC-023A4B6B,RTE-32F0E94F|RTE-F2391A9E|RTE-367D804C|RTE-FB4EE4BA|RTE-842CC51F,ACT-DD3ED62E|ACT-239810D5|ACT-0E08ABDD|ACT-CFAB48FB|ACT-480A6546,This location shows a high-risk pattern (score 78.0) with coded communication signals detected in associated messages.
ROUTE,RTE-844D2BD8,73.56,82.88,HIGH,69.54,80.62,70.11,60.0,0.0,45.0,4,TRADE|ROUTE|ENTITY|LINGUISTIC,INC-CFDECC5B|INC-5B989C61|INC-7EE564E7|INC-F16B3BA6|INC-FE7DD637|INC-4BCBFFEF|INC-1773DDC0|INC-589AB78F|INC-43C37A4A|INC-CA1AE4F9,RTE-844D2BD8,ACT-0D3A69A7|ACT-DUP-0002|ACT-8D60BEB9|ACT-F70E04EC|ACT-0BE618C7,This route shows a high-risk pattern (score 73.6) with coded communication signals detected in associated messages.
LOCATION,Mumbai Port,72.98,82.88,HIGH,59.14,69.7,79.45,72.33,0.0,60.0,4,TRADE|ROUTE|ENTITY|LINGUISTIC,INC-73CA5741|INC-5E8DF0E8|INC-F3B15553|INC-0D9BA78C|INC-01D7FC4F|INC-1632354A|INC-C3E926DF|INC-E8CE8DB8|INC-F1B64D6B|INC-1D3F2B36,RTE-F2391A9E|RTE-FB4EE4BA|RTE-EA4FA88B|RTE-BE75B5F4|RTE-A6BAB08D,ACT-239810D5|ACT-CFAB48FB|ACT-6F081E40|ACT-451B57E0|ACT-EBD0B65D,This location shows a high-risk pattern (score 73.0) with coded communication signals detected in associated messages.
LOCATION,Kochi Port,72.73,80.62,HIGH,48.64,78.69,79.28,73.37,0.0,60.0,4,TRADE|ROUTE|ENTITY|LINGUISTIC,INC-CC3301EE|INC-CFDECC5B|INC-8FBA0CAB|INC-A3DFB62E|INC-5B989C61|INC-7EE564E7|INC-2E6A776F|INC-7A314C1F|INC-3B7B78A7|INC-D7D8E05F,RTE-9EC78713|RTE-844D2BD8|RTE-F534A60F|RTE-4424DBF1|RTE-D37D6F20,ACT-A19B3B13|ACT-DUP-0002|ACT-2DA4F2E3|ACT-5BCEA423|ACT-0BE618C7,This location shows a high-risk pattern (score 72.7) with coded communication signals detected in associated messages.
ROUTE,RTE-D37D6F20,71.28,80.84,HIGH,65.9,58.56,87.76,60.0,0.0,60.0,4,TRADE|ROUTE|ENTITY|LINGUISTIC,INC-2E6A776F|INC-D7D8E05F|INC-063C1F2C|INC-FE66FC1A|INC-2C70FAE0|INC-C23A7161|INC-33BF5D05|INC-C9972064|INC-9A927874|INC-32161C4F,RTE-D37D6F20,ACT-DUP-0007|ACT-DUP-0002|ACT-DUP-0005|ACT-DUP-0001|ACT-D404B1E6,This route shows a high-risk pattern (score 71.3) with coded communication signals detected in associated messages.
LOCATION,Maputo,71.05,76.45,HIGH,33.95,94.44,79.94,73.08,0.0,40.0,4,TRADE|ROUTE|ENTITY|LINGUISTIC,INC-CFDECC5B|INC-5ED074E5|INC-0900EA33|INC-3B76D32D|INC-A50D090A|INC-5B989C61|INC-7EE564E7|INC-B0143C0C|INC-6D25D6CE|INC-6E06FEF9,RTE-844D2BD8|RTE-6502C0EF|RTE-15641305|RTE-657F736F|RTE-DD5236CF,ACT-DUP-0002|ACT-525CFB31|ACT-2F205955|ACT-DUP-0010|ACT-4A810E54,This location shows a high-risk pattern (score 71.0) with coded communication signals detected in associated messages.
INCIDENT,INC-EEE150DB,70.22,75.7,HIGH,83.62,88.53,44.54,40.0,0.0,25.0,4,TRADE|ROUTE|ENTITY|LINGUISTIC,INC-EEE150DB,RTE-15641305,ACT-DUP-0001,This incident shows a high-risk pattern (score 70.2).
INCIDENT,INC-C34BD297,70.22,75.7,HIGH,83.62,88.53,44.54,40.0,0.0,25.0,4,TRADE|ROUTE|ENTITY|LINGUISTIC,INC-C34BD297,RTE-15641305,ACT-DUP-0001,This incident shows a high-risk pattern (score 70.2).
INCIDENT,INC-E52BE33F,70.06,78.19,HIGH,68.62,88.53,68.47,40.0,0.0,25.0,4,TRADE|ROUTE|ENTITY|LINGUISTIC,INC-E52BE33F,RTE-15641305,ACT-DUP-0004,This incident shows a high-risk pattern (score 70.1).
ACTOR,ACT-DUP-0007,70.01,80.32,HIGH,73.15,81.51,48.72,60.24,0.0,30.0,4,TRADE|ROUTE|ENTITY|LINGUISTIC,INC-1D3F2B36|INC-BD8D0EED|INC-DC1DE291|INC-30714B3F|INC-40171DBA|INC-92F2DDB3|INC-5319B266|INC-B3F13D55|INC-F4EEC901|INC-D7A578CB,RTE-BE75B5F4|RTE-5A090E6C|RTE-F51C2F2E|RTE-15641305|RTE-D37D6F20,ACT-DUP-0007,This actor shows a high-risk pattern (score 70.0) with coded communication signals detected in associated messages.
LOCATION,Dar es Salaam,69.02,82.79,HIGH,58.2,64.7,77.77,70.9,0.0,40.0,4,TRADE|ROUTE|ENTITY|LINGUISTIC,INC-5A9D0819|INC-CC3301EE|INC-A8C18B51|INC-6DD32668|INC-1632354A|INC-A3DFB62E|INC-D24AB0E3|INC-2DDB92C7|INC-2E6A776F|INC-01E8CFE1,RTE-50CAC933|RTE-9EC78713|RTE-22651175|RTE-B5BE3EA8|RTE-BE75B5F4,ACT-F73F1F34|ACT-A19B3B13|ACT-516B220E|ACT-ADB13586|ACT-898A30A1,This location shows a high-risk pattern (score 69.0) with coded communication signals detected in associated messages.
ACTOR,ACT-DUP-0002,68.59,79.32,HIGH,68.02,88.53,55.99,50.37,0.0,15.0,4,TRADE|ROUTE|ENTITY|LINGUISTIC,INC-CFDECC5B|INC-5B989C61|INC-D7D8E05F|INC-94B20477|INC-A8E89DAC|INC-10093B7D|INC-589AB78F|INC-DA76F294|INC-024F87A5|INC-D10E4C8F,RTE-5A090E6C|RTE-844D2BD8|RTE-F51C2F2E|RTE-15641305|RTE-CB7E8B4C,ACT-DUP-0002,This actor shows a high-risk pattern (score 68.6) with coded communication signals detected in associated messages.
ROUTE,RTE-5A090E6C,67.91,81.02,HIGH,61.62,57.25,84.61,60.0,0.0,45.0,4,TRADE|ROUTE|ENTITY|LINGUISTIC,INC-E8CE8DB8|INC-C678EEF3|INC-3911A5DD|INC-D7628F86|INC-10093B7D|INC-D6764190|INC-BFF12B37|INC-CDA89BFA|INC-6E8E7A45|INC-B49586C7,RTE-5A090E6C,ACT-DUP-0007|ACT-B1A0AF66|ACT-DUP-0002|ACT-DUP-0005|ACT-6AB623B4,This route shows a high-risk pattern (score 67.9) with coded communication signals detected in associated messages.
INCIDENT,INC-D10E4C8F,66.61,73.35,HIGH,82.24,80.62,55.99,20.0,0.0,25.0,4,TRADE|ROUTE|ENTITY|LINGUISTIC,INC-D10E4C8F,RTE-844D2BD8,ACT-DUP-0002,This incident shows a high-risk pattern (score 66.6).
INCIDENT,INC-60F32002,66.5,79.12,HIGH,79.48,63.43,68.47,40.0,0.0,25.0,4,TRADE|ROUTE|ENTITY|LINGUISTIC,INC-60F32002,RTE-FB4EE4BA,ACT-DUP-0004,This incident shows a high-risk pattern (score 66.5).
LOCATION,Tuticorin Port,66.21,75.78,HIGH,26.13,76.59,78.24,71.94,0.0,60.0,4,TRADE|ROUTE|ENTITY|LINGUISTIC,INC-1C5B91BF|INC-5A9D0819|INC-E68D0BDF|INC-A23E05D2|INC-5ED074E5|INC-0900EA33|INC-3B76D32D|INC-023A4B6B|INC-A50D090A|INC-B0143C0C,RTE-68716855|RTE-50CAC933|RTE-367D804C|RTE-3BE0D749|RTE-6502C0EF,ACT-4C5661F3|ACT-F73F1F34|ACT-0E08ABDD|ACT-F513E9F2|ACT-525CFB31,This location shows a high-risk pattern (score 66.2) with coded communication signals detected in associated messages.
INCIDENT,INC-F0F43572,65.9,70.65,HIGH,83.62,88.53,29.09,26.67,0.0,25.0,4,TRADE|ROUTE|ENTITY|LINGUISTIC,INC-F0F43572,RTE-15641305,ACT-A19B3B13,This incident shows a high-risk pattern (score 65.9).
LOCATION,Chennai Port,65.84,75.47,HIGH,24.99,75.27,79.78,72.05,0.0,60.0,4,TRADE|ROUTE|ENTITY|LINGUISTIC,INC-A8C18B51|INC-D24AB0E3|INC-2DDB92C7|INC-01E8CFE1|INC-3ED8334F|INC-C1488574|INC-EA003C6C|INC-B7B4001A|INC-8A267DEE|INC-1D3FC12F,RTE-22651175|RTE-674B55E3|RTE-F51C2F2E|RTE-4B8AC9E4|RTE-A842284A,ACT-516B220E|ACT-C48421F9|ACT-5B9A50EE|ACT-A05EB96B|ACT-DUP-0006,This location shows a high-risk pattern (score 65.8) with coded communication signals detected in associated messages.
ACTOR,ACT-DUP-0004,65.75,74.52,HIGH,70.75,83.99,68.47,22.0,0.0,15.0,4,TRADE|ROUTE|ENTITY|LINGUISTIC,INC-2E6A776F|INC-10F165CA|INC-60F32002|INC-E52BE33F|INC-0EBE2272|INC-60A557B7|INC-A251BBF1|INC-48A7B2CB|INC-4187585A|INC-4E49C454,RTE-DD5236CF|RTE-5A090E6C|RTE-15641305|RTE-F51C2F2E|RTE-D37D6F20,ACT-DUP-0004,This actor shows a high-risk pattern (score 65.8).
INCIDENT,INC-2C59B619,65.38,73.42,HIGH,82.24,80.62,27.76,40.0,0.0,25.0,4,TRADE|ROUTE|ENTITY|LINGUISTIC,INC-2C59B619,RTE-844D2BD8,ACT-0BE618C7,This incident shows a high-risk pattern (score 65.4).
INCIDENT,INC-44A7CA78,65.38,73.42,HIGH,82.24,80.62,27.76,40.0,0.0,25.0,4,TRADE|ROUTE|ENTITY|LINGUISTIC,INC-44A7CA78,RTE-844D2BD8,ACT-0BE618C7,This incident shows a high-risk pattern (score 65.4).
INCIDENT,INC-60B97CF6,65.32,75.08,HIGH,68.62,88.53,36.88,40.0,0.0,25.0,4,TRADE|ROUTE|ENTITY|LINGUISTIC,INC-60B97CF6,RTE-15641305,ACT-5BCEA423,This incident shows a high-risk pattern (score 65.3).
INCIDENT,INC-69DA945D,65.32,75.08,HIGH,68.62,88.53,36.88,40.0,0.0,25.0,4,TRADE|ROUTE|ENTITY|LINGUISTIC,INC-69DA945D,RTE-15641305,ACT-5BCEA423,This incident shows a high-risk pattern (score 65.3).
LOCATION,Visakhapatnam,65.31,79.89,HIGH,39.73,66.36,68.53,70.08,0.0,60.0,4,TRADE|ROUTE|ENTITY|LINGUISTIC,INC-0EC4B271|INC-15999B13|INC-6DD32668|INC-F315480D|INC-D394A13C|INC-4832DCE1|INC-BD1CBF34|INC-146BDA30|INC-1E296D61|INC-1F9B79FA,RTE-32F0E94F|RTE-842CC51F|RTE-B5BE3EA8|RTE-EF6F0110|RTE-D5B7DEF5,ACT-DD3ED62E|ACT-480A6546|ACT-ADB13586|ACT-516B220E|ACT-D404B1E6,This location shows a high-risk pattern (score 65.3) with coded communication signals detected in associated messages.
INCIDENT,INC-B0143C0C,65.04,68.88,HIGH,83.62,88.53,36.65,13.33,0.0,25.0,4,TRADE|ROUTE|ENTITY|LINGUISTIC,INC-B0143C0C,RTE-15641305,ACT-2F205955,This incident shows a high-risk pattern (score 65.0).
INCIDENT,INC-1773DDC0,64.19,71.61,MONITOR,82.24,80.62,39.85,20.0,0.0,25.0,4,TRADE|ROUTE|ENTITY|LINGUISTIC,INC-1773DDC0,RTE-844D2BD8,ACT-EBD0B65D,This incident exhibits risk indicators (score 64.2).
LOCATION,Durban,64.17,78.02,MONITOR,35.6,65.44,79.97,72.77,0.0,40.0,4,TRADE|ROUTE|ENTITY|LINGUISTIC,INC-1C5B91BF|INC-A23E05D2|INC-8FBA0CAB|INC-E8CE8DB8|INC-519C9B4B|INC-7A314C1F|INC-4832DCE1|INC-3B7B78A7|INC-146BDA30|INC-BBF6FF7D,RTE-68716855|RTE-3BE0D749|RTE-F534A60F|RTE-5A090E6C|RTE-12678A58,ACT-4C5661F3|ACT-F513E9F2|ACT-2DA4F2E3|ACT-DUP-0008|ACT-7494AE24,This location exhibits risk indicators (score 64.2) with coded communication signals detected in associated messages.
ACTOR,ACT-0BE618C7,63.39,76.51,MONITOR,61.27,77.1,27.76,64.2,0.0,30.0,4,TRADE|ROUTE|ENTITY|LINGUISTIC,INC-7EE564E7|INC-BBF6FF7D|INC-9B509137|INC-C54BDAF9|INC-07FD8D0D|INC-2C59B619|INC-44A7CA78|INC-006A0A35,RTE-8F0A4EBD|RTE-BE75B5F4|RTE-857F6451|RTE-844D2BD8|RTE-E5F5E120,ACT-0BE618C7,This actor exhibits risk indicators (score 63.4) with coded communication signals detected in associated messages.
INCIDENT,INC-8946B5F9,63.22,73.67,MONITOR,63.62,88.53,44.54,26.67,0.0,25.0,4,TRADE|ROUTE|ENTITY|LINGUISTIC,INC-8946B5F9,RTE-15641305,ACT-DUP-0001,This incident exhibits risk indicators (score 63.2).
ROUTE,RTE-FB4EE4BA,63.08,82.28,MONITOR,47.1,63.43,66.29,60.0,0.0,45.0,4,TRADE|ROUTE|ENTITY|LINGUISTIC,INC-5E8DF0E8|INC-F3B15553|INC-01D7FC4F|INC-1D3F2B36|INC-60F32002|INC-BD8D0EED|INC-9E289A1E|INC-1531B1ED|INC-060C103D|INC-0EBE2272,RTE-FB4EE4BA,ACT-A9F1176D|ACT-A19B3B13|ACT-EBD0B65D|ACT-CFAB48FB|ACT-6F081E40,This route exhibits risk indicators (score 63.1) with coded communication signals detected in associated messages.
ACTOR,ACT-DUP-0001,62.26,78.14,MONITOR,59.62,81.7,44.54,45.0,0.0,15.0,4,TRADE|ROUTE|ENTITY|LINGUISTIC,INC-6D25D6CE|INC-3911A5DD|INC-C34BD297|INC-8946B5F9|INC-DABFAEBC|INC-C9972064|INC-8D27A117|INC-EEE150DB,RTE-BE75B5F4|RTE-5A090E6C|RTE-F51C2F2E|RTE-15641305|RTE-D37D6F20,ACT-DUP-0001,This actor exhibits risk indicators (score 62.3).
INCIDENT,INC-35C14236,61.98,68.91,MONITOR,85.0,84.44,67.45,0.0,0.0,25.0,3,TRADE|ROUTE|ENTITY,INC-35C14236,RTE-F51C2F2E,ACT-A3B509D1,This incident exhibits risk indicators (score 62.0).
INCIDENT,INC-024F87A5,61.86,72.07,MONITOR,67.24,80.62,55.99,13.33,0.0,25.0,4,TRADE|ROUTE|ENTITY|LINGUISTIC,INC-024F87A5,RTE-844D2BD8,ACT-DUP-0002,This incident exhibits risk indicators (score 61.9).
INCIDENT,INC-DA76F294,61.86,72.07,MONITOR,67.24,80.62,55.99,13.33,0.0,25.0,4,TRADE|ROUTE|ENTITY|LINGUISTIC,INC-DA76F294,RTE-844D2BD8,ACT-DUP-0002,This incident exhibits risk indicators (score 61.9).
ACTOR,ACT-EBD0B65D,61.47,77.05,MONITOR,55.62,84.25,39.85,46.82,0.0,15.0,4,TRADE|ROUTE|ENTITY|LINGUISTIC,INC-01D7FC4F|INC-1773DDC0|INC-43C37A4A|INC-0153BECF|INC-FD151C94|INC-A99ECD5A,RTE-68716855|RTE-FB4EE4BA|RTE-22651175|RTE-844D2BD8,ACT-EBD0B65D,This actor exhibits risk indicators (score 61.5).
INCIDENT,INC-EF857B06,61.32,69.29,MONITOR,68.62,88.53,36.88,13.33,0.0,25.0,4,TRADE|ROUTE|ENTITY|LINGUISTIC,INC-EF857B06,RTE-15641305,ACT-5BCEA423,This incident exhibits risk indicators (score 61.3).
ACTOR,ACT-A19B3B13,61.27,76.2,MONITOR,52.38,79.49,29.09,59.55,0.0,30.0,4,TRADE|ROUTE|ENTITY|LINGUISTIC,INC-CC3301EE|INC-6E06FEF9|INC-4C54C68E|INC-37FAC3CA|INC-1531B1ED|INC-D360954F|INC-F0F43572,RTE-15641305|RTE-05837773|RTE-FB4EE4BA|RTE-9EC78713,ACT-A19B3B13,This actor exhibits risk indicators (score 61.3) with coded communication signals detected in associated messages.
INCIDENT,INC-D7A578CB,61.17,71.19,MONITOR,65.0,84.44,48.72,13.33,0.0,25.0,4,TRADE|ROUTE|ENTITY|LINGUISTIC,INC-D7A578CB,RTE-F51C2F2E,ACT-DUP-0007,This incident exhibits risk indicators (score 61.2).
INCIDENT,INC-4C54C68E,61.15,69.65,MONITOR,68.62,88.53,29.09,20.0,0.0,25.0,4,TRADE|ROUTE|ENTITY|LINGUISTIC,INC-4C54C68E,RTE-15641305,ACT-A19B3B13,This incident exhibits risk indicators (score 61.2).
INCIDENT,INC-6E06FEF9,61.15,69.65,MONITOR,68.62,88.53,29.09,20.0,0.0,25.0,4,TRADE|ROUTE|ENTITY|LINGUISTIC,INC-6E06FEF9,RTE-15641305,ACT-A19B3B13,This incident exhibits risk indicators (score 61.2).
INCIDENT,INC-431E4BE0,61.12,71.12,MONITOR,70.0,84.44,26.74,26.67,0.0,25.0,4,TRADE|ROUTE|ENTITY|LINGUISTIC,INC-431E4BE0,RTE-F51C2F2E,ACT-5535B8FF,This incident exhibits risk indicators (score 61.1).
INCIDENT,INC-403FDB4C,60.46,67.07,MONITOR,83.62,88.53,59.49,0.0,0.0,15.0,3,TRADE|ROUTE|ENTITY,INC-403FDB4C,RTE-15641305,ACT-DUP-0006,This incident exhibits risk indicators (score 60.5).
INCIDENT,INC-4187585A,60.38,71.3,MONITOR,50.0,84.44,68.47,13.33,0.0,25.0,4,TRADE|ROUTE|ENTITY|LINGUISTIC,INC-4187585A,RTE-F51C2F2E,ACT-DUP-0004,This incident exhibits risk indicators (score 60.4).
INCIDENT,INC-A8E89DAC,60.26,66.59,MONITOR,85.0,84.44,55.99,0.0,0.0,25.0,3,TRADE|ROUTE|ENTITY,INC-A8E89DAC,RTE-F51C2F2E,ACT-DUP-0002,This incident exhibits risk indicators (score 60.3).
INCIDENT,INC-37FAC3CA,60.15,67.93,MONITOR,68.62,88.53,29.09,13.33,0.0,25.0,4,TRADE|ROUTE|ENTITY|LINGUISTIC,INC-37FAC3CA,RTE-15641305,ACT-A19B3B13,This incident exhibits risk indicators (score 60.2).
INCIDENT,INC-30BA3CAE,60.12,69.59,MONITOR,70.0,84.44,26.74,20.0,0.0,25.0,4,TRADE|ROUTE|ENTITY|LINGUISTIC,INC-30BA3CAE,RTE-F51C2F2E,ACT-5535B8FF,This incident exhibits risk indicators (score 60.1).
INCIDENT,INC-D079FCB9,60.12,73.71,MONITOR,81.55,61.73,25.31,40.0,0.0,25.0,4,TRADE|ROUTE|ENTITY|LINGUISTIC,INC-D079FCB9,RTE-32F0E94F,ACT-EA441661,This incident exhibits risk indicators (score 60.1).
INCIDENT,INC-DC1DE291,60.1,73.4,MONITOR,48.62,88.53,48.72,26.67,0.0,25.0,4,TRADE|ROUTE|ENTITY|LINGUISTIC,INC-DC1DE291,RTE-15641305,ACT-DUP-0007,This incident exhibits risk indicators (score 60.1).
INCIDENT,INC-17D6DB38,60.0,67.61,MONITOR,85.0,84.44,60.92,0.0,0.0,15.0,3,TRADE|ROUTE|ENTITY,INC-17D6DB38,RTE-F51C2F2E,ACT-DUP-0005,This incident exhibits risk indicators (score 60.0).
INCIDENT,INC-EA003C6C,59.97,70.4,MONITOR,65.0,84.44,14.05,40.0,0.0,25.0,4,TRADE|ROUTE|ENTITY|LINGUISTIC,INC-EA003C6C,RTE-F51C2F2E,ACT-A7290540,This incident exhibits risk indicators (score 60.0).
INCIDENT,INC-A251BBF1,59.75,75.03,MONITOR,64.48,63.43,68.47,20.0,0.0,25.0,4,TRADE|ROUTE|ENTITY|LINGUISTIC,INC-A251BBF1,RTE-FB4EE4BA,ACT-DUP-0004,This incident exhibits risk indicators (score 59.7).
INCIDENT,INC-4A1D04B0,59.54,65.8,MONITOR,83.62,88.53,53.37,0.0,0.0,15.0,3,TRADE|ROUTE|ENTITY,INC-4A1D04B0,RTE-15641305,ACT-DUP-0009,This incident exhibits risk indicators (score 59.5).
INCIDENT,INC-BE5B30E7,59.47,66.89,MONITOR,85.0,84.44,57.39,0.0,0.0,15.0,3,TRADE|ROUTE|ENTITY,INC-BE5B30E7,RTE-F51C2F2E,ACT-DUP-0010,This incident exhibits risk indicators (score 59.5).
INCIDENT,INC-43C37A4A,59.44,70.54,MONITOR,67.24,80.62,39.85,13.33,0.0,25.0,4,TRADE|ROUTE|ENTITY|LINGUISTIC,INC-43C37A4A,RTE-844D2BD8,ACT-EBD0B65D,This incident exhibits risk indicators (score 59.4).
INCIDENT,INC-01D7FC4F,59.21,72.6,MONITOR,79.48,63.43,39.85,20.0,0.0,25.0,4,TRADE|ROUTE|ENTITY|LINGUISTIC,INC-01D7FC4F,RTE-FB4EE4BA,ACT-EBD0B65D,This incident exhibits risk indicators (score 59.2).
ROUTE,RTE-05837773,58.97,75.55,MONITOR,43.44,34.04,59.0,85.0,0.0,60.0,4,TRADE|ROUTE|ENTITY|LINGUISTIC,INC-A90DF55B|INC-D360954F|INC-60A75744|INC-1798C080|INC-9F6FAE88|INC-83618E73|INC-B640A155,RTE-05837773,ACT-5535B8FF|ACT-E039AAEB|ACT-F70E04EC|ACT-A19B3B13|ACT-1D992B5E,This route exhibits risk indicators (score 59.0) with coded communication signals detected in associated messages.
INCIDENT,INC-2E6A776F,58.9,80.44,MONITOR,53.97,58.56,68.47,40.0,0.0,25.0,4,TRADE|ROUTE|ENTITY|LINGUISTIC,INC-2E6A776F,RTE-D37D6F20,ACT-DUP-0004,This incident exhibits risk indicators (score 58.9).
ACTOR,ACT-5BCEA423,58.89,76.19,MONITOR,36.07,77.21,36.88,60.24,0.0,40.0,4,TRADE|ROUTE|ENTITY|LINGUISTIC,INC-A3DFB62E|INC-EF857B06|INC-60B97CF6|INC-69DA945D,RTE-4424DBF1|RTE-15641305,ACT-5BCEA423,This actor exhibits risk indicators (score 58.9) with coded communication signals detected in associated messages.
INCIDENT,INC-7EE564E7,58.63,70.29,MONITOR,67.24,80.62,27.76,20.0,0.0,25.0,4,TRADE|ROUTE|ENTITY|LINGUISTIC,INC-7EE564E7,RTE-844D2BD8,ACT-0BE618C7,This incident exhibits risk indicators (score 58.6).
ACTOR,ACT-2F205955,58.27,73.55,MONITOR,44.62,89.47,36.65,38.33,0.0,15.0,4,TRADE|ROUTE|ENTITY|LINGUISTIC,INC-0900EA33|INC-B0143C0C|INC-38A2513D|INC-DDF4BE8C,RTE-3623DB4A|RTE-FDDFEF85|RTE-15641305,ACT-2F205955,This actor exhibits risk indicators (score 58.3).
INCIDENT,INC-0BBF9870,58.23,68.97,MONITOR,70.0,84.44,67.45,0.0,0.0,25.0,3,TRADE|ROUTE|ENTITY,INC-0BBF9870,RTE-F51C2F2E,ACT-A3B509D1,This incident exhibits risk indicators (score 58.2).
INCIDENT,INC-D3B016C3,58.23,68.97,MONITOR,70.0,84.44,67.45,0.0,0.0,25.0,3,TRADE|ROUTE|ENTITY,INC-D3B016C3,RTE-F51C2F2E,ACT-A3B509D1,This incident exhibits risk indicators (score 58.2).
INCIDENT,INC-A87B0AD0,58.23,68.97,MONITOR,70.0,84.44,67.45,0.0,0.0,25.0,3,TRADE|ROUTE|ENTITY,INC-A87B0AD0,RTE-F51C2F2E,ACT-A3B509D1,This incident exhibits risk indicators (score 58.2).
INCIDENT,INC-41438DE4,58.22,66.52,MONITOR,70.0,84.44,14.05,20.0,0.0,25.0,4,TRADE|ROUTE|ENTITY|LINGUISTIC,INC-41438DE4,RTE-F51C2F2E,ACT-A7290540,This incident exhibits risk indicators (score 58.2).
INCIDENT,INC-877EF9A7,57.82,67.36,MONITOR,82.24,80.62,57.39,0.0,0.0,15.0,3,TRADE|ROUTE|ENTITY,INC-877EF9A7,RTE-844D2BD8,ACT-DUP-0010,This incident exhibits risk indicators (score 57.8).
ACTOR,ACT-516B220E,57.54,71.81,MONITOR,51.47,73.57,11.35,63.82,0.0,30.0,4,TRADE|ROUTE|ENTITY|LINGUISTIC,INC-A8C18B51|INC-F315480D|INC-D34E63D1|INC-B340A50F|INC-50FDFD5C|INC-7FA21422,RTE-EFEFC83E|RTE-EA4FA88B|RTE-32F0E94F|RTE-22651175,ACT-516B220E,This actor exhibits risk indicators (score 57.5) with coded communication signals detected in associated messages.
INCIDENT,INC-48A7B2CB,57.42,76.33,MONITOR,58.97,57.25,68.47,24.0,0.0,25.0,4,TRADE|ROUTE|ENTITY|LINGUISTIC,INC-48A7B2CB,RTE-5A090E6C,ACT-DUP-0004,This incident exhibits risk indicators (score 57.4).
ACTOR,ACT-6F081E40,57.32,72.75,MONITOR,43.58,65.31,19.6,81.05,0.0,30.0,4,TRADE|ROUTE|ENTITY|LINGUISTIC,INC-F3B15553|INC-A82CC362|INC-1890EF7F|INC-B23B2358|INC-EE63DD43|INC-E5D4001B,RTE-15E430E6|RTE-FB4EE4BA,ACT-6F081E40,This actor exhibits risk indicators (score 57.3) with coded communication signals detected in associated messages.
ROUTE,RTE-C3C4BB2E,57.25,75.43,MONITOR,39.85,36.63,55.89,85.0,0.0,50.0,4,TRADE|ROUTE|ENTITY|LINGUISTIC,INC-60CEEFAB|INC-78F43FAB|INC-FD6591F7|INC-C331EBE5|INC-9F36A672|INC-116281CC|INC-E2775A7D|INC-8F3C31BD,RTE-C3C4BB2E,ACT-866A9666|ACT-16E31CC7|ACT-A9210483|ACT-7494AE24|ACT-898A30A1,This route exhibits risk indicators (score 57.3) with coded communication signals detected in associated messages.
INCIDENT,INC-94B20477,57.19,66.34,MONITOR,68.62,88.53,55.99,0.0,0.0,25.0,3,TRADE|ROUTE|ENTITY,INC-94B20477,RTE-15641305,ACT-DUP-0002,This incident exhibits risk indicators (score 57.2).
INCIDENT,INC-8701EC71,56.93,67.2,MONITOR,68.62,88.53,60.92,0.0,0.0,15.0,3,TRADE|ROUTE|ENTITY,INC-8701EC71,RTE-15641305,ACT-DUP-0005,This incident exhibits risk indicators (score 56.9).
INCIDENT,INC-17AA367E,56.82,68.58,MONITOR,70.0,84.44,64.71,0.0,0.0,15.0,3,TRADE|ROUTE|ENTITY,INC-17AA367E,RTE-F51C2F2E,ACT-DUP-0003,This incident exhibits risk indicators (score 56.8).
INCIDENT,INC-3B76D32D,56.4,66.6,MONITOR,68.62,88.53,57.39,0.0,0.0,15.0,3,TRADE|ROUTE|ENTITY,INC-3B76D32D,RTE-15641305,ACT-DUP-0010,This incident exhibits risk indicators (score 56.4).
INCIDENT,INC-72CC895D,56.37,75.67,MONITOR,66.55,61.73,25.31,40.0,0.0,25.0,4,TRADE|ROUTE|ENTITY|LINGUISTIC,INC-72CC895D,RTE-32F0E94F,ACT-EA441661,This incident exhibits risk indicators (score 56.4).
INCIDENT,INC-589AB78F,56.36,57.09,MONITOR,67.24,80.62,55.99,10.0,0.0,25.0,3,TRADE|ROUTE|ENTITY,INC-589AB78F,RTE-844D2BD8,ACT-DUP-0002,This incident exhibits risk indicators (score 56.4).
INCIDENT,INC-3911A5DD,56.23,81.16,MONITOR,58.97,57.25,44.54,40.0,0.0,25.0,4,TRADE|ROUTE|ENTITY|LINGUISTIC,INC-3911A5DD,RTE-5A090E6C,ACT-DUP-0001,This incident exhibits risk indicators (score 56.2).
ACTOR,ACT-7494AE24,55.91,71.37,MONITOR,43.32,77.89,13.51,57.22,0.0,30.0,4,TRADE|ROUTE|ENTITY|LINGUISTIC,INC-519C9B4B|INC-78F43FAB|INC-D4E686B3|INC-12FED95A|INC-49772DB9,RTE-C3C4BB2E|RTE-F51C2F2E|RTE-A6BAB08D|RTE-12678A58,ACT-7494AE24,This actor exhibits risk indicators (score 55.9) with coded communication signals detected in associated messages.
INCIDENT,INC-0900EA33,55.79,54.32,MONITOR,68.62,88.53,36.65,10.0,0.0,25.0,3,TRADE|ROUTE|ENTITY,INC-0900EA33,RTE-15641305,ACT-2F205955,This incident exhibits risk indicators (score 55.8).
INCIDENT,INC-4E49C454,55.5,69.15,MONITOR,79.48,63.43,68.47,0.0,0.0,25.0,3,TRADE|ROUTE|ENTITY,INC-4E49C454,RTE-FB4EE4BA,ACT-DUP-0004,This incident exhibits risk indicators (score 55.5).
INCIDENT,INC-6D25D6CE,55.47,63.97,MONITOR,68.62,88.53,44.54,0.0,0.0,25.0,3,TRADE|ROUTE|ENTITY,INC-6D25D6CE,RTE-15641305,ACT-DUP-0001,This incident exhibits risk indicators (score 55.5).
ROUTE,RTE-32F0E94F,55.23,69.07,MONITOR,75.82,61.73,62.29,0.0,0.0,45.0,3,TRADE|ROUTE|ENTITY,INC-0EC4B271|INC-F315480D|INC-BD1CBF34|INC-1F9B79FA|INC-B8101499|INC-D34E63D1|INC-F7233FDE|INC-B340A50F|INC-2005D018|INC-CFB16B32,RTE-32F0E94F,ACT-4DBAB638|ACT-EA441661|ACT-45C722DA|ACT-A7290540|ACT-16E31CC7,This route exhibits risk indicators (score 55.2).
INCIDENT,INC-822B9C23,55.12,66.5,MONITOR,70.0,84.44,53.37,0.0,0.0,15.0,3,TRADE|ROUTE|ENTITY,INC-822B9C23,RTE-F51C2F2E,ACT-DUP-0009,This incident exhibits risk indicators (score 55.1).
ACTOR,ACT-A7290540,55.07,68.74,MONITOR,49.52,87.31,14.05,35.0,0.0,15.0,4,TRADE|ROUTE|ENTITY|LINGUISTIC,INC-EA003C6C|INC-B7B4001A|INC-18B3A5B0|INC-62F9706C|INC-41438DE4|INC-5A1D62F5|INC-27AF02AC|INC-5EF621B3|INC-751BFF5B,RTE-32F0E94F|RTE-F51C2F2E,ACT-A7290540,This actor exhibits risk indicators (score 55.1).
INCIDENT,INC-BC46527B,54.91,64.63,MONITOR,68.62,88.53,47.51,0.0,0.0,15.0,3,TRADE|ROUTE|ENTITY,INC-BC46527B,RTE-15641305,ACT-DUP-0008,This incident exhibits risk indicators (score 54.9).
INCIDENT,INC-5B989C61,54.86,67.55,MONITOR,67.24,80.62,55.99,0.0,0.0,25.0,3,TRADE|ROUTE|ENTITY,INC-5B989C61,RTE-844D2BD8,ACT-DUP-0002,This incident exhibits risk indicators (score 54.9).
INCIDENT,INC-DABFAEBC,54.79,64.54,MONITOR,70.0,84.44,44.54,0.0,0.0,25.0,3,TRADE|ROUTE|ENTITY,INC-DABFAEBC,RTE-F51C2F2E,ACT-DUP-0001,This incident exhibits risk indicators (score 54.8).
INCIDENT,INC-F4EEC901,54.54,73.19,MONITOR,59.48,63.43,48.72,13.33,0.0,25.0,4,TRADE|ROUTE|ENTITY|LINGUISTIC,INC-F4EEC901,RTE-FB4EE4BA,ACT-DUP-0007,This incident exhibits risk indicators (score 54.5).
ROUTE,RTE-22651175,54.49,80.73,MONITOR,42.35,37.95,49.46,60.0,0.0,60.0,4,TRADE|ROUTE|ENTITY|LINGUISTIC,INC-A8C18B51|INC-2DDB92C7|INC-C1488574|INC-8A267DEE|INC-00274222|INC-3309C37C|INC-0153BECF|INC-97AFBC25,RTE-22651175,ACT-99F0286C|ACT-72D14581|ACT-5B9A50EE|ACT-516B220E|ACT-EBD0B65D,This route exhibits risk indicators (score 54.5) with coded communication signals detected in associated messages.
ACTOR,ACT-5535B8FF,54.33,73.96,MONITOR,36.5,78.41,26.74,53.91,0.0,15.0,4,TRADE|ROUTE|ENTITY|LINGUISTIC,INC-30BA3CAE|INC-9DA78801|INC-431E4BE0|INC-5D101D0F|INC-1798C080,RTE-27682144|RTE-05837773|RTE-F51C2F2E,ACT-5535B8FF,This actor exhibits risk indicators (score 54.3) with coded communication signals detected in associated messages.
INCIDENT,INC-FF21C80A,54.24,65.23,MONITOR,70.0,84.44,47.51,0.0,0.0,15.0,3,TRADE|ROUTE|ENTITY,INC-FF21C80A,RTE-F51C2F2E,ACT-DUP-0008,This incident exhibits risk indicators (score 54.2).
INCIDENT,INC-62F9706C,53.97,55.66,MONITOR,85.0,84.44,14.05,0.0,0.0,25.0,3,TRADE|ROUTE|ENTITY,INC-62F9706C,RTE-F51C2F2E,ACT-A7290540,This incident exhibits risk indicators (score 54.0).
INCIDENT,INC-27AF02AC,53.97,55.66,MONITOR,85.0,84.44,14.05,0.0,0.0,25.0,3,TRADE|ROUTE|ENTITY,INC-27AF02AC,RTE-F51C2F2E,ACT-A7290540,This incident exhibits risk indicators (score 54.0).
INCIDENT,INC-5A1D62F5,53.97,55.66,MONITOR,85.0,84.44,14.05,0.0,0.0,25.0,3,TRADE|ROUTE|ENTITY,INC-5A1D62F5,RTE-F51C2F2E,ACT-A7290540,This incident exhibits risk indicators (score 54.0).
INCIDENT,INC-BF3565C3,53.9,59.12,MONITOR,82.24,80.62,24.56,0.0,0.0,25.0,3,TRADE|ROUTE|ENTITY,INC-BF3565C3,RTE-844D2BD8,ACT-157A0D7D,This incident exhibits risk indicators (score 53.9).
INCIDENT,INC-B3F13D55,53.86,75.85,MONITOR,58.97,57.25,48.72,20.0,0.0,25.0,4,TRADE|ROUTE|ENTITY|LINGUISTIC,INC-B3F13D55,RTE-5A090E6C,ACT-DUP-0007,This incident exhibits risk indicators (score 53.9).
INCIDENT,INC-5319B266,53.69,80.91,MONITOR,38.97,58.56,48.72,40.0,0.0,40.0,4,TRADE|ROUTE|ENTITY|LINGUISTIC,INC-5319B266,RTE-D37D6F20,ACT-DUP-0007,This incident exhibits risk indicators (score 53.7).
INCIDENT,INC-787713CD,53.42,52.88,MONITOR,63.62,88.53,9.19,30.0,0.0,25.0,3,TRADE|ROUTE|LINGUISTIC,INC-787713CD,RTE-15641305,ACT-480A6546,This incident exhibits risk indicators (score 53.4).
ACTOR,ACT-157A0D7D,53.31,69.81,MONITOR,20.41,80.62,24.56,59.13,0.0,35.0,4,TRADE|ROUTE|ENTITY|LINGUISTIC,INC-FE7DD637|INC-CA1AE4F9|INC-BF3565C3,RTE-844D2BD8,ACT-157A0D7D,This actor exhibits risk indicators (score 53.3) with coded communication signals detected in associated messages.
ACTOR,ACT-F70E04EC,53.3,65.21,MONITOR,75.29,80.39,45.88,0.0,0.0,5.0,3,TRADE|ROUTE|ENTITY,INC-A90DF55B|INC-5F1EE080|INC-ACD8DFCD|INC-4C48EFFC|INC-C36D97AB|INC-A6646C7F|INC-B9EF0A14|INC-F3E7C448,RTE-844D2BD8|RTE-674B55E3|RTE-D769322C|RTE-83C30583|RTE-7C3E668E,ACT-F70E04EC,This actor exhibits risk indicators (score 53.3).
INCIDENT,INC-C378F9D9,53.1,63.42,MONITOR,70.0,84.44,39.94,0.0,0.0,15.0,3,TRADE|ROUTE|ENTITY,INC-C378F9D9,RTE-F51C2F2E,ACT-BF767554,This incident exhibits risk indicators (score 53.1).
INCIDENT,INC-0080E45A,52.7,55.26,MONITOR,81.55,61.73,9.19,40.0,0.0,25.0,3,TRADE|ROUTE|LINGUISTIC,INC-0080E45A,RTE-32F0E94F,ACT-DD3ED62E,This incident exhibits risk indicators (score 52.7).
ACTOR,ACT-DUP-0005,52.52,66.79,MONITOR,58.67,84.84,60.92,0.0,0.0,5.0,3,TRADE|ROUTE|ENTITY,INC-32161C4F|INC-17D6DB38|INC-8701EC71|INC-6391E51B|INC-6643099B|INC-131AE7EA|INC-E41D08F2,RTE-B5BE3EA8|RTE-5A090E6C|RTE-15641305|RTE-F51C2F2E|RTE-A6BAB08D,ACT-DUP-0005,This actor exhibits risk indicators (score 52.5).
INCIDENT,INC-1B0E87B2,52.5,64.69,MONITOR,48.62,88.53,64.71,0.0,0.0,15.0,3,TRADE|ROUTE|ENTITY,INC-1B0E87B2,RTE-15641305,ACT-DUP-0003,This incident exhibits risk indicators (score 52.5).
INCIDENT,INC-A99ECD5A,52.44,63.86,MONITOR,67.24,80.62,39.85,0.0,0.0,25.0,3,TRADE|ROUTE|ENTITY,INC-A99ECD5A,RTE-844D2BD8,ACT-EBD0B65D,This incident exhibits risk indicators (score 52.4).
INCIDENT,INC-1890EF7F,52.42,70.18,MONITOR,64.48,63.43,19.6,20.0,0.0,25.0,4,TRADE|ROUTE|ENTITY|LINGUISTIC,INC-1890EF7F,RTE-FB4EE4BA,ACT-6F081E40,This incident exhibits risk indicators (score 52.4).
INCIDENT,INC-F3E7C448,52.35,65.35,MONITOR,67.24,80.62,45.88,0.0,0.0,15.0,3,TRADE|ROUTE|ENTITY,INC-F3E7C448,RTE-844D2BD8,ACT-F70E04EC,This incident exhibits risk indicators (score 52.3).
ACTOR,ACT-DUP-0006,52.34,67.7,MONITOR,62.32,81.33,59.49,0.0,0.0,5.0,3,TRADE|ROUTE|ENTITY,INC-3ED8334F|INC-A5B18D16|INC-EF577071|INC-403FDB4C|INC-F97EDDD5|INC-ECB2E22B,RTE-B4CA579B|RTE-5A090E6C|RTE-F51C2F2E|RTE-15641305|RTE-674B55E3,ACT-DUP-0006,This actor exhibits risk indicators (score 52.3).
INCIDENT,INC-9DA78801,52.12,59.82,MONITOR,70.0,84.44,26.74,0.0,0.0,25.0,3,TRADE|ROUTE|ENTITY,INC-9DA78801,RTE-F51C2F2E,ACT-5535B8FF,This incident exhibits risk indicators (score 52.1).
ROUTE,RTE-4424DBF1,51.99,72.13,MONITOR,35.05,28.75,41.91,85.0,0.0,50.0,4,TRADE|ROUTE|ENTITY|LINGUISTIC,INC-A3DFB62E|INC-1CDD4560|INC-728F0959|INC-4E39810E|INC-5A1F8BFD,RTE-4424DBF1,ACT-CA6408EB|ACT-A647D8DE|ACT-D4295B58|ACT-28E1066F|ACT-5BCEA423,This route exhibits risk indicators (score 52.0) with coded communication signals detected in associated messages.
INCIDENT,INC-40171DBA,51.79,75.39,MONITOR,44.48,63.43,48.72,20.0,0.0,25.0,4,TRADE|ROUTE|ENTITY|LINGUISTIC,INC-40171DBA,RTE-FB4EE4BA,ACT-DUP-0007,This incident exhibits risk indicators (score 51.8).
INCIDENT,INC-0EBE2272,51.75,71.0,MONITOR,64.48,63.43,68.47,0.0,0.0,25.0,3,TRADE|ROUTE|ENTITY,INC-0EBE2272,RTE-FB4EE4BA,ACT-DUP-0004,This incident exhibits risk indicators (score 51.7).
INCIDENT,INC-2C70FAE0,51.68,67.82,MONITOR,73.97,58.56,53.67,0.0,0.0,35.0,3,TRADE|ROUTE|ENTITY,INC-2C70FAE0,RTE-D37D6F20,ACT-6C2A62E9,This incident exhibits risk indicators (score 51.7).
INCIDENT,INC-A82CC362,51.42,68.21,MONITOR,64.48,63.43,19.6,13.33,0.0,25.0,4,TRADE|ROUTE|ENTITY|LINGUISTIC,INC-A82CC362,RTE-FB4EE4BA,ACT-6F081E40,This incident exhibits risk indicators (score 51.4).
INCIDENT,INC-CFB16B32,51.12,70.01,MONITOR,61.55,61.73,25.31,13.33,0.0,25.0,4,TRADE|ROUTE|ENTITY|LINGUISTIC,INC-CFB16B32,RTE-32F0E94F,ACT-EA441661,This incident exhibits risk indicators (score 51.1).
INCIDENT,INC-EF577071,51.03,65.26,MONITOR,50.0,84.44,59.49,0.0,0.0,15.0,3,TRADE|ROUTE|ENTITY,INC-EF577071,RTE-F51C2F2E,ACT-DUP-0006,This incident exhibits risk indicators (score 51.0).
INCIDENT,INC-006A0A35,50.63,60.5,MONITOR,67.24,80.62,27.76,0.0,0.0,25.0,3,TRADE|ROUTE|ENTITY,INC-006A0A35,RTE-844D2BD8,ACT-0BE618C7,This incident exhibits risk indicators (score 50.6).
INCIDENT,INC-5EF621B3,50.22,55.79,MONITOR,70.0,84.44,14.05,0.0,0.0,25.0,3,TRADE|ROUTE|ENTITY,INC-5EF621B3,RTE-F51C2F2E,ACT-A7290540,This incident exhibits risk indicators (score 50.2).
INCIDENT,INC-18B3A5B0,50.22,55.79,MONITOR,70.0,84.44,14.05,0.0,0.0,25.0,3,TRADE|ROUTE|ENTITY,INC-18B3A5B0,RTE-F51C2F2E,ACT-A7290540,This incident exhibits risk indicators (score 50.2).
INCIDENT,INC-08138381,50.16,62.97,MONITOR,48.62,88.53,49.16,0.0,0.0,15.0,3,TRADE|ROUTE|ENTITY,INC-08138381,RTE-15641305,ACT-130BC3BE,This incident exhibits risk indicators (score 50.2).
ACTOR,ACT-480A6546,50.15,53.47,MONITOR,48.16,89.47,9.19,39.12,0.0,15.0,3,TRADE|ROUTE|LINGUISTIC,INC-15999B13|INC-89C9D480|INC-CB5C41F5|INC-787713CD|INC-AF82125B|INC-78AFF1CC,RTE-C146AD8A|RTE-842CC51F|RTE-15641305,ACT-480A6546,This actor exhibits risk indicators (score 50.2).
INCIDENT,INC-CA1AE4F9,50.15,59.52,MONITOR,67.24,80.62,24.56,0.0,0.0,25.0,3,TRADE|ROUTE|ENTITY,INC-CA1AE4F9,RTE-844D2BD8,ACT-157A0D7D,This incident exhibits risk indicators (score 50.2).
INCIDENT,INC-49772DB9,50.14,55.6,MONITOR,70.0,84.44,13.51,0.0,0.0,25.0,3,TRADE|ROUTE|ENTITY,INC-49772DB9,RTE-F51C2F2E,ACT-7494AE24,This incident exhibits risk indicators (score 50.1).
INCIDENT,INC-CFDECC5B,49.86,65.08,MONITOR,47.24,80.62,55.99,0.0,0.0,25.0,3,TRADE|ROUTE|ENTITY,INC-CFDECC5B,RTE-844D2BD8,ACT-DUP-0002,This incident exhibits risk indicators (score 49.9).
INCIDENT,INC-D7D8E05F,49.28,73.03,MONITOR,38.97,58.56,55.99,13.33,0.0,25.0,4,TRADE|ROUTE|ENTITY|LINGUISTIC,INC-D7D8E05F,RTE-D37D6F20,ACT-DUP-0002,This incident exhibits risk indicators (score 49.3).
INCIDENT,INC-BF83886D,49.2,48.23,MONITOR,67.24,80.62,4.86,13.33,0.0,25.0,3,TRADE|ROUTE|LINGUISTIC,INC-BF83886D,RTE-844D2BD8,ACT-9150A102,This incident exhibits risk indicators (score 49.2).
ACTOR,ACT-EA441661,49.2,74.11,MONITOR,25.41,61.73,25.31,54.12,0.0,35.0,4,TRADE|ROUTE|ENTITY|LINGUISTIC,INC-CFB16B32|INC-D079FCB9|INC-72CC895D,RTE-32F0E94F,ACT-EA441661,This actor exhibits risk indicators (score 49.2) with coded communication signals detected in associated messages.
ACTOR,ACT-9150A102,49.15,54.24,MONITOR,44.11,81.56,4.86,56.67,0.0,15.0,3,TRADE|ROUTE|LINGUISTIC,INC-F16B3BA6|INC-37F58A26|INC-BF83886D|INC-5814A5A3|INC-AE29A212|INC-C435FC84,RTE-378A7DE2|RTE-844D2BD8,ACT-9150A102,This actor exhibits risk indicators (score 49.1) with coded communication signals detected in associated messages.
ACTOR,ACT-DUP-0010,49.04,62.99,MONITOR,43.2,88.53,57.39,0.0,0.0,5.0,3,TRADE|ROUTE|ENTITY,INC-3B76D32D|INC-BE5B30E7|INC-CDA89BFA|INC-877EF9A7|INC-8FA93DB2,RTE-5A090E6C|RTE-844D2BD8|RTE-F51C2F2E|RTE-15641305|RTE-D37D6F20,ACT-DUP-0010,This actor exhibits risk indicators (score 49.0).
INCIDENT,INC-D4E686B3,48.89,55.47,MONITOR,65.0,84.44,13.51,0.0,0.0,25.0,3,TRADE|ROUTE|ENTITY,INC-D4E686B3,RTE-F51C2F2E,ACT-7494AE24,This incident exhibits risk indicators (score 48.9).
INCIDENT,INC-BD8D0EED,48.79,68.33,MONITOR,64.48,63.43,48.72,0.0,0.0,25.0,3,TRADE|ROUTE|ENTITY,INC-BD8D0EED,RTE-FB4EE4BA,ACT-DUP-0007,This incident exhibits risk indicators (score 48.8).
INCIDENT,INC-30714B3F,48.79,68.33,MONITOR,64.48,63.43,48.72,0.0,0.0,25.0,3,TRADE|ROUTE|ENTITY,INC-30714B3F,RTE-FB4EE4BA,ACT-DUP-0007,This incident exhibits risk indicators (score 48.8).
INCIDENT,INC-92F2DDB3,48.79,68.33,MONITOR,64.48,63.43,48.72,0.0,0.0,25.0,3,TRADE|ROUTE|ENTITY,INC-92F2DDB3,RTE-FB4EE4BA,ACT-DUP-0007,This incident exhibits risk indicators (score 48.8).
INCIDENT,INC-1DDB2C11,48.62,69.37,MONITOR,66.55,61.73,53.67,0.0,0.0,15.0,3,TRADE|ROUTE|ENTITY,INC-1DDB2C11,RTE-32F0E94F,ACT-6C2A62E9,This incident exhibits risk indicators (score 48.6).
ACTOR,ACT-DUP-0008,48.53,65.32,MONITOR,55.99,79.61,47.51,0.0,0.0,5.0,3,TRADE|ROUTE|ENTITY,INC-E8CE8DB8|INC-063C1F2C|INC-FF21C80A|INC-84D99EB6|INC-BC46527B|INC-FE8EFEF7,RTE-5A090E6C|RTE-15641305|RTE-F51C2F2E|RTE-EF6F0110|RTE-12678A58,ACT-DUP-0008,This actor exhibits risk indicators (score 48.5).
INCIDENT,INC-E5D4001B,48.17,57.99,MONITOR,79.48,63.43,19.6,0.0,0.0,25.0,3,TRADE|ROUTE|ENTITY,INC-E5D4001B,RTE-FB4EE4BA,ACT-6F081E40,This incident exhibits risk indicators (score 48.2).
INCIDENT,INC-54ADB586,47.99,59.63,MONITOR,62.24,80.62,25.12,0.0,0.0,15.0,3,TRADE|ROUTE|ENTITY,INC-54ADB586,RTE-844D2BD8,ACT-0D3A69A7,This incident exhibits risk indicators (score 48.0).
ROUTE,RTE-8F0A4EBD,47.82,75.22,MONITOR,24.65,29.99,54.4,60.0,0.0,50.0,4,TRADE|ROUTE|ENTITY|LINGUISTIC,INC-8EB5B84D|INC-07FD8D0D|INC-4A35725C|INC-2CE068AA|INC-E8023570|INC-FE1AB35A,RTE-8F0A4EBD,ACT-E039AAEB|ACT-0BE618C7|ACT-1DF99FFB|ACT-40058B0F|ACT-130BC3BE,This route exhibits risk indicators (score 47.8) with coded communication signals detected in associated messages.
ROUTE,RTE-DD5236CF,47.71,75.64,MONITOR,34.46,22.81,52.62,60.0,0.0,45.0,4,TRADE|ROUTE|ENTITY|LINGUISTIC,INC-10F165CA|INC-94298C74|INC-63DF534D|INC-90E24B50,RTE-DD5236CF,ACT-DD3ED62E|ACT-DUP-0004|ACT-61CA522C|ACT-0137B6D6,This route exhibits risk indicators (score 47.7) with coded communication signals detected in associated messages.
INCIDENT,INC-0EC4B271,47.7,57.05,MONITOR,61.55,61.73,9.19,40.0,0.0,25.0,3,TRADE|ROUTE|LINGUISTIC,INC-0EC4B271,RTE-32F0E94F,ACT-DD3ED62E,This incident exhibits risk indicators (score 47.7).
INCIDENT,INC-A3DFB62E,47.66,80.18,MONITOR,47.76,28.75,36.88,46.67,0.0,40.0,4,TRADE|ROUTE|ENTITY|LINGUISTIC,INC-A3DFB62E,RTE-4424DBF1,ACT-5BCEA423,This incident exhibits risk indicators (score 47.7).
INCIDENT,INC-FE66FC1A,47.59,70.61,MONITOR,58.97,58.56,64.71,0.0,0.0,15.0,3,TRADE|ROUTE|ENTITY,INC-FE66FC1A,RTE-D37D6F20,ACT-DUP-0003,This incident exhibits risk indicators (score 47.6).
INCIDENT,INC-1D3FC12F,47.47,62.24,MONITOR,45.0,84.44,44.07,0.0,0.0,15.0,3,TRADE|ROUTE|ENTITY,INC-1D3FC12F,RTE-F51C2F2E,ACT-0E08ABDD,This incident exhibits risk indicators (score 47.5).
INCIDENT,INC-D7628F86,47.26,70.41,MONITOR,58.97,57.25,64.71,0.0,0.0,15.0,3,TRADE|ROUTE|ENTITY,INC-D7628F86,RTE-5A090E6C,ACT-DUP-0003,This incident exhibits risk indicators (score 47.3).
ACTOR,ACT-DD3ED62E,47.09,56.54,MONITOR,55.91,69.21,9.19,39.55,0.0,15.0,3,TRADE|ROUTE|LINGUISTIC,INC-0EC4B271|INC-2E288468|INC-90E24B50|INC-0080E45A|INC-0AA68A2E,RTE-DD5236CF|RTE-F534A60F|RTE-32F0E94F,ACT-DD3ED62E,This actor exhibits risk indicators (score 47.1).
INCIDENT,INC-F315480D,47.02,54.8,MONITOR,81.55,61.73,11.35,0.0,0.0,25.0,3,TRADE|ROUTE|ENTITY,INC-F315480D,RTE-32F0E94F,ACT-516B220E,This incident exhibits risk indicators (score 47.0).
INCIDENT,INC-3C7F2D1E,47.02,58.37,MONITOR,48.62,88.53,28.21,0.0,0.0,15.0,3,TRADE|ROUTE|ENTITY,INC-3C7F2D1E,RTE-15641305,ACT-D404B1E6,This incident exhibits risk indicators (score 47.0).
INCIDENT,INC-5814A5A3,46.95,38.63,MONITOR,82.24,80.62,4.86,0.0,0.0,25.0,2,TRADE|ROUTE,INC-5814A5A3,RTE-844D2BD8,ACT-9150A102,This incident exhibits risk indicators (score 46.9).
ACTOR,ACT-A3B509D1,46.78,50.97,MONITOR,25.38,84.44,67.45,4.71,0.0,15.0,3,TRADE|ROUTE|ENTITY,INC-A87B0AD0|INC-D3B016C3|INC-15094649|INC-0BBF9870|INC-35C14236,RTE-F2391A9E|RTE-F51C2F2E,ACT-A3B509D1,This actor exhibits risk indicators (score 46.8).
INCIDENT,INC-60A557B7,46.75,66.73,MONITOR,44.48,63.43,68.47,0.0,0.0,25.0,3,TRADE|ROUTE|ENTITY,INC-60A557B7,RTE-FB4EE4BA,ACT-DUP-0004,This incident exhibits risk indicators (score 46.7).
ROUTE,RTE-FDDFEF85,46.73,64.25,MONITOR,20.19,24.37,33.94,100.0,0.0,35.0,4,TRADE|ROUTE|ENTITY|LINGUISTIC,INC-38A2513D|INC-6FD8D1E2|INC-494FEC72,RTE-FDDFEF85,ACT-4DBAB638|ACT-2F205955|ACT-001930AF,This route exhibits risk indicators (score 46.7) with coded communication signals detected in associated messages.
INCIDENT,INC-F97EDDD5,46.48,71.51,MONITOR,58.97,57.25,59.49,0.0,0.0,15.0,3,TRADE|ROUTE|ENTITY,INC-F97EDDD5,RTE-5A090E6C,ACT-DUP-0006,This incident exhibits risk indicators (score 46.5).
INCIDENT,INC-78AFF1CC,46.17,39.76,MONITOR,68.62,88.53,9.19,0.0,0.0,25.0,2,TRADE|ROUTE,INC-78AFF1CC,RTE-15641305,ACT-480A6546,This incident exhibits risk indicators (score 46.2).
INCIDENT,INC-CDA89BFA,46.16,71.6,MONITOR,58.97,57.25,57.39,0.0,0.0,15.0,3,TRADE|ROUTE|ENTITY,INC-CDA89BFA,RTE-5A090E6C,ACT-DUP-0010,This incident exhibits risk indicators (score 46.2).
INCIDENT,INC-C23A7161,46.04,61.72,MONITOR,73.97,58.56,29.38,0.0,0.0,15.0,3,TRADE|ROUTE|ENTITY,INC-C23A7161,RTE-D37D6F20,ACT-7353F8D0,This incident exhibits risk indicators (score 46.0).
INCIDENT,INC-1531B1ED,45.84,62.58,MONITOR,64.48,63.43,29.09,0.0,0.0,25.0,3,TRADE|ROUTE|ENTITY,INC-1531B1ED,RTE-FB4EE4BA,ACT-A19B3B13,This incident exhibits risk indicators (score 45.8).
ROUTE,RTE-674B55E3,45.77,74.25,MONITOR,26.72,26.0,60.62,60.0,0.0,25.0,4,TRADE|ROUTE|ENTITY|LINGUISTIC,INC-D24AB0E3|INC-01E8CFE1|INC-3ED8334F|INC-4C48EFFC|INC-87E0247E,RTE-674B55E3,ACT-A05EB96B|ACT-F70E04EC|ACT-DUP-0006|ACT-C48421F9|ACT-F20CA79B,This route exhibits risk indicators (score 45.8) with coded communication signals detected in associated messages.
ACTOR,ACT-DUP-0003,45.74,60.44,MONITOR,29.28,84.84,64.71,0.0,0.0,5.0,3,TRADE|ROUTE|ENTITY,INC-D7628F86|INC-FE66FC1A|INC-17AA367E|INC-1B0E87B2,RTE-15641305|RTE-D37D6F20|RTE-5A090E6C|RTE-F51C2F2E,ACT-DUP-0003,This actor exhibits risk indicators (score 45.7).
INCIDENT,INC-ECB2E22B,45.55,70.74,MONITOR,53.97,58.56,59.49,0.0,0.0,15.0,3,TRADE|ROUTE|ENTITY,INC-ECB2E22B,RTE-D37D6F20,ACT-DUP-0006,This incident exhibits risk indicators (score 45.6).
INCIDENT,INC-6391E51B,45.44,70.52,MONITOR,53.97,57.25,60.92,0.0,0.0,15.0,3,TRADE|ROUTE|ENTITY,INC-6391E51B,RTE-5A090E6C,ACT-DUP-0005,This incident exhibits risk indicators (score 45.4).
INCIDENT,INC-B7B4001A,45.22,54.58,MONITOR,50.0,84.44,14.05,0.0,0.0,25.0,3,TRADE|ROUTE|ENTITY,INC-B7B4001A,RTE-F51C2F2E,ACT-A7290540,This incident exhibits risk indicators (score 45.2).
INCIDENT,INC-FE7DD637,45.15,58.4,MONITOR,47.24,80.62,24.56,0.0,0.0,25.0,3,TRADE|ROUTE|ENTITY,INC-FE7DD637,RTE-844D2BD8,ACT-157A0D7D,This incident exhibits risk indicators (score 45.2).
ROUTE,RTE-B4DC47C9,45.02,75.84,MONITOR,34.46,22.81,47.98,60.0,0.0,25.0,4,TRADE|ROUTE|ENTITY|LINGUISTIC,INC-42FE4868|INC-1B2B6136|INC-F9B159E0|INC-CD4B4FDB,RTE-B4DC47C9,ACT-83FE0258|ACT-130BC3BE|ACT-DB3AAE2B|ACT-D404B1E6,This route exhibits risk indicators (score 45.0) with coded communication signals detected in associated messages.
ACTOR,ACT-D404B1E6,45.01,60.59,MONITOR,54.87,78.26,28.21,0.0,0.0,5.0,3,TRADE|ROUTE|ENTITY,INC-D394A13C|INC-3C7F2D1E|INC-CD369185|INC-CD4B4FDB|INC-9D2BA2B7,RTE-15641305|RTE-7C3E668E|RTE-EF6F0110|RTE-B4DC47C9|RTE-D37D6F20,ACT-D404B1E6,This actor exhibits risk indicators (score 45.0).
ROUTE,RTE-5CFE009F,44.68,75.08,LOW,43.39,25.44,26.53,60.0,0.0,25.0,4,TRADE|ROUTE|ENTITY|LINGUISTIC,INC-BF08DBB6|INC-F8517BB9|INC-A03A3F0C|INC-6D10E95C|INC-5190CCE5,RTE-5CFE009F,ACT-802FEC44|ACT-8D60BEB9|ACT-61CA522C|ACT-F702EB53|ACT-FD05814E,
ACTOR,ACT-95A4317F,44.64,50.04,LOW,25.08,86.94,8.65,38.91,0.0,25.0,3,TRADE|ROUTE|LINGUISTIC,INC-66FE58C2|INC-0AD78984,RTE-83C30583|RTE-F51C2F2E,ACT-95A4317F,
INCIDENT,INC-10F165CA,44.49,73.46,LOW,32.07,22.81,68.47,40.0,0.0,25.0,4,TRADE|ROUTE|ENTITY|LINGUISTIC,INC-10F165CA,RTE-DD5236CF,ACT-DUP-0004,
INCIDENT,INC-F3B15553,44.42,59.24,LOW,64.48,63.43,19.6,0.0,0.0,25.0,3,TRADE|ROUTE|ENTITY,INC-F3B15553,RTE-FB4EE4BA,ACT-6F081E40,
INCIDENT,INC-B23B2358,44.42,59.24,LOW,64.48,63.43,19.6,0.0,0.0,25.0,3,TRADE|ROUTE|ENTITY,INC-B23B2358,RTE-FB4EE4BA,ACT-6F081E40,
INCIDENT,INC-C54BDAF9,44.38,79.6,LOW,47.76,31.12,27.76,40.0,0.0,25.0,4,TRADE|ROUTE|ENTITY|LINGUISTIC,INC-C54BDAF9,RTE-BE75B5F4,ACT-0BE618C7,
INCIDENT,INC-C9972064,44.31,68.66,LOW,53.97,58.56,44.54,0.0,0.0,25.0,3,TRADE|ROUTE|ENTITY,INC-C9972064,RTE-D37D6F20,ACT-DUP-0001,
ROUTE,RTE-EF6F0110,44.26,76.62,LOW,32.98,27.46,37.69,60.0,0.0,25.0,4,TRADE|ROUTE|ENTITY|LINGUISTIC,INC-D394A13C|INC-1E296D61|INC-84D99EB6|INC-322254E2|INC-4CF654A6|INC-0BE00279,RTE-EF6F0110,ACT-D404B1E6|ACT-7353F8D0|ACT-4B53C901|ACT-DUP-0008|ACT-D2CB78D6,
INCIDENT,INC-B8101499,44.19,61.79,LOW,61.55,61.73,25.78,0.0,0.0,25.0,3,TRADE|ROUTE|ENTITY,INC-B8101499,RTE-32F0E94F,ACT-16E31CC7,
INCIDENT,INC-D360954F,44.16,76.42,LOW,49.14,34.04,29.09,20.0,0.0,40.0,4,TRADE|ROUTE|ENTITY|LINGUISTIC,INC-D360954F,RTE-05837773,ACT-A19B3B13,
ACTOR,ACT-130BC3BE,44.08,64.45,LOW,42.21,74.61,49.16,0.0,0.0,5.0,3,TRADE|ROUTE|ENTITY,INC-1B2B6136|INC-4A35725C|INC-28275C25|INC-08138381,RTE-8F0A4EBD|RTE-B4DC47C9|RTE-01273A62|RTE-15641305,ACT-130BC3BE,
ACTOR,ACT-DUP-0009,44.07,59.81,LOW,29.41,84.84,53.37,0.0,0.0,5.0,3,TRADE|ROUTE|ENTITY,INC-D6764190|INC-9A927874|INC-822B9C23|INC-4A1D04B0,RTE-15641305|RTE-D37D6F20|RTE-5A090E6C|RTE-F51C2F2E,ACT-DUP-0009,
ACTOR,ACT-72D14581,43.85,61.54,LOW,59.72,69.47,27.02,0.0,0.0,5.0,3,TRADE|ROUTE|ENTITY,INC-8A267DEE|INC-B7149057|INC-B49586C7|INC-9C20A615,RTE-5A090E6C|RTE-BEF74FCD|RTE-22651175|RTE-526A517F,ACT-72D14581,
INCIDENT,INC-1D3F2B36,43.79,67.33,LOW,44.48,63.43,48.72,0.0,0.0,25.0,3,TRADE|ROUTE|ENTITY,INC-1D3F2B36,RTE-FB4EE4BA,ACT-DUP-0007,
INCIDENT,INC-5E8DF0E8,43.72,59.99,LOW,64.48,63.43,21.63,0.0,0.0,15.0,3,TRADE|ROUTE|ENTITY,INC-5E8DF0E8,RTE-FB4EE4BA,ACT-CFAB48FB,
INCIDENT,INC-1798C080,43.56,74.63,LOW,54.14,34.04,26.74,20.0,0.0,25.0,4,TRADE|ROUTE|ENTITY|LINGUISTIC,INC-1798C080,RTE-05837773,ACT-5535B8FF,
ROUTE,RTE-D769322C,43.47,74.23,LOW,35.19,17.43,45.42,60.0,0.0,25.0,4,TRADE|ROUTE|ENTITY|LINGUISTIC,INC-05AA8387|INC-0F37ED1D|INC-C36D97AB,RTE-D769322C,ACT-2D0BDD94|ACT-1D7B2448|ACT-F70E04EC,
ROUTE,RTE-15E430E6,43.42,73.66,LOW,24.46,22.81,37.33,60.0,0.0,50.0,4,TRADE|ROUTE|ENTITY|LINGUISTIC,INC-7A314C1F|INC-47ED0F0D|INC-5F2253A2|INC-EE63DD43,RTE-15E430E6,ACT-CFAB48FB|ACT-C246476B|ACT-7353F8D0|ACT-6F081E40,
INCIDENT,INC-D34E63D1,43.27,55.91,LOW,66.55,61.73,11.35,0.0,0.0,25.0,3,TRADE|ROUTE|ENTITY,INC-D34E63D1,RTE-32F0E94F,ACT-516B220E,
INCIDENT,INC-B340A50F,43.27,55.91,LOW,66.55,61.73,11.35,0.0,0.0,25.0,3,TRADE|ROUTE|ENTITY,INC-B340A50F,RTE-32F0E94F,ACT-516B220E,
INCIDENT,INC-AE29A212,43.2,38.55,LOW,67.24,80.62,4.86,0.0,0.0,25.0,2,TRADE|ROUTE,INC-AE29A212,RTE-844D2BD8,ACT-9150A102,
INCIDENT,INC-C435FC84,43.2,38.55,LOW,67.24,80.62,4.86,0.0,0.0,25.0,2,TRADE|ROUTE,INC-C435FC84,RTE-844D2BD8,ACT-9150A102,
ROUTE,RTE-837DA83F,43.06,65.97,LOW,26.12,22.81,23.81,85.0,0.0,25.0,4,TRADE|ROUTE|ENTITY|LINGUISTIC,INC-E2003313|INC-6E3D7227|INC-55173AC1|INC-0B663344,RTE-837DA83F,ACT-B1A0AF66|ACT-93684B5D|ACT-C48421F9|ACT-FD05814E,
ACTOR,ACT-0E08ABDD,42.64,56.5,LOW,23.17,86.94,44.07,0.0,0.0,15.0,3,TRADE|ROUTE|ENTITY,INC-E68D0BDF|INC-1D3FC12F,RTE-367D804C|RTE-F51C2F2E,ACT-0E08ABDD,
INCIDENT,INC-FB88CEDA,42.45,39.34,LOW,81.55,61.73,7.57,0.0,0.0,25.0,2,TRADE|ROUTE,INC-FB88CEDA,RTE-32F0E94F,ACT-45C722DA,
INCIDENT,INC-A6646C7F,42.45,67.73,LOW,46.55,61.73,45.88,0.0,0.0,15.0,3,TRADE|ROUTE|ENTITY,INC-A6646C7F,RTE-32F0E94F,ACT-F70E04EC,
ROUTE,RTE-EFEFC83E,42.31,73.58,LOW,21.12,25.31,41.33,60.0,0.0,35.0,4,TRADE|ROUTE|ENTITY|LINGUISTIC,INC-3B7B78A7|INC-503191E9|INC-06F73824|INC-7FA21422,RTE-EFEFC83E,ACT-2BB3216C|ACT-C1CE62FB|ACT-BA821236|ACT-516B220E,
ACTOR,ACT-45C722DA,42.15,55.58,LOW,30.09,57.67,7.57,57.14,0.0,35.0,3,TRADE|ROUTE|LINGUISTIC,INC-146BDA30|INC-8C43E7FC|INC-FB88CEDA,RTE-D5B7DEF5|RTE-32F0E94F,ACT-45C722DA,
INCIDENT,INC-2005D018,42.13,38.48,LOW,81.55,61.73,5.41,0.0,0.0,25.0,2,TRADE|ROUTE,INC-2005D018,RTE-32F0E94F,ACT-DC4BFFE4,
INCIDENT,INC-93B3BAA0,42.13,38.48,LOW,81.55,61.73,5.41,0.0,0.0,25.0,2,TRADE|ROUTE,INC-93B3BAA0,RTE-32F0E94F,ACT-DC4BFFE4,
INCIDENT,INC-70444A14,42.13,38.48,LOW,81.55,61.73,5.41,0.0,0.0,25.0,2,TRADE|ROUTE,INC-70444A14,RTE-32F0E94F,ACT-DC4BFFE4,
ROUTE,RTE-D5B7DEF5,42.05,72.96,LOW,18.72,25.72,42.93,60.0,0.0,35.0,4,TRADE|ROUTE|ENTITY|LINGUISTIC,INC-4832DCE1|INC-146BDA30|INC-822AF71E|INC-F9BF0F1F|INC-8D8D900A,RTE-D5B7DEF5,ACT-45C722DA|ACT-6C6CC66E|ACT-B49444A6|ACT-9DC49715|ACT-451B57E0,
INCIDENT,INC-32161C4F,42.02,66.41,LOW,38.97,58.56,60.92,0.0,0.0,15.0,3,TRADE|ROUTE|ENTITY,INC-32161C4F,RTE-D37D6F20,ACT-DUP-0005,
INCIDENT,INC-07FD8D0D,42.02,81.77,LOW,33.45,29.99,27.76,40.0,0.0,40.0,4,TRADE|ROUTE|ENTITY|LINGUISTIC,INC-07FD8D0D,RTE-8F0A4EBD,ACT-0BE618C7,
INCIDENT,INC-10093B7D,41.95,67.07,LOW,38.97,57.25,55.99,0.0,0.0,25.0,3,TRADE|ROUTE|ENTITY,INC-10093B7D,RTE-5A090E6C,ACT-DUP-0002,
INCIDENT,INC-8FA93DB2,41.49,66.79,LOW,38.97,58.56,57.39,0.0,0.0,15.0,3,TRADE|ROUTE|ENTITY,INC-8FA93DB2,RTE-D37D6F20,ACT-DUP-0010,
ACTOR,ACT-6C2A62E9,41.34,61.55,LOW,29.32,73.85,53.67,0.0,0.0,5.0,3,TRADE|ROUTE|ENTITY,INC-2C70FAE0|INC-116281CC|INC-1DDB2C11,RTE-D37D6F20|RTE-32F0E94F|RTE-C3C4BB2E,ACT-6C2A62E9,
ACTOR,ACT-DC4BFFE4,41.33,54.78,LOW,37.63,61.73,5.41,34.52,0.0,35.0,3,TRADE|ROUTE|LINGUISTIC,INC-1F9B79FA|INC-F7233FDE|INC-2005D018|INC-48AB8F6C|INC-613CD097|INC-93B3BAA0|INC-70444A14,RTE-32F0E94F,ACT-DC4BFFE4,
INCIDENT,INC-CDEF77A9,41.25,65.92,LOW,46.55,61.73,37.85,0.0,0.0,15.0,3,TRADE|ROUTE|ENTITY,INC-CDEF77A9,RTE-32F0E94F,ACT-C1CE62FB,
INCIDENT,INC-89C9D480,41.17,38.08,LOW,48.62,88.53,9.19,0.0,0.0,25.0,2,TRADE|ROUTE,INC-89C9D480,RTE-15641305,ACT-480A6546,
INCIDENT,INC-CB5C41F5,41.17,38.08,LOW,48.62,88.53,9.19,0.0,0.0,25.0,2,TRADE|ROUTE,INC-CB5C41F5,RTE-15641305,ACT-480A6546,
INCIDENT,INC-9A927874,40.89,67.06,LOW,38.97,58.56,53.37,0.0,0.0,15.0,3,TRADE|ROUTE|ENTITY,INC-9A927874,RTE-D37D6F20,ACT-DUP-0009,
INCIDENT,INC-D6764190,40.56,67.27,LOW,38.97,57.25,53.37,0.0,0.0,15.0,3,TRADE|ROUTE|ENTITY,INC-D6764190,RTE-5A090E6C,ACT-DUP-0009,
INCIDENT,INC-8A267DEE,40.5,59.87,LOW,69.83,37.95,27.02,0.0,0.0,25.0,3,TRADE|ROUTE|ENTITY,INC-8A267DEE,RTE-22651175,ACT-72D14581,
INCIDENT,INC-9B509137,40.48,78.47,LOW,41.38,21.87,27.76,40.0,0.0,25.0,4,TRADE|ROUTE|ENTITY|LINGUISTIC,INC-9B509137,RTE-E5F5E120,ACT-0BE618C7,
ROUTE,RTE-9EC78713,40.4,61.87,LOW,20.93,14.27,22.34,85.0,0.0,35.0,4,TRADE|ROUTE|ENTITY|LINGUISTIC,INC-CC3301EE|INC-6F249708,RTE-9EC78713,ACT-A19B3B13|ACT-01EA26A9,
INCIDENT,INC-B49586C7,40.36,63.18,LOW,53.97,57.25,27.02,0.0,0.0,15.0,3,TRADE|ROUTE|ENTITY,INC-B49586C7,RTE-5A090E6C,ACT-72D14581,
INCIDENT,INC-063C1F2C,40.01,67.02,LOW,38.97,58.56,47.51,0.0,0.0,15.0,3,TRADE|ROUTE|ENTITY,INC-063C1F2C,RTE-D37D6F20,ACT-DUP-0008,
INCIDENT,INC-F7233FDE,39.88,34.35,LOW,66.55,61.73,5.41,10.0,0.0,25.0,2,TRADE|ROUTE,INC-F7233FDE,RTE-32F0E94F,ACT-DC4BFFE4,
INCIDENT,INC-60CEEFAB,39.69,63.78,LOW,64.83,36.63,38.81,0.0,0.0,15.0,3,TRADE|ROUTE|ENTITY,INC-60CEEFAB,RTE-C3C4BB2E,ACT-866A9666,
INCIDENT,INC-E8CE8DB8,39.68,67.32,LOW,38.97,57.25,47.51,0.0,0.0,15.0,3,TRADE|ROUTE|ENTITY,INC-E8CE8DB8,RTE-5A090E6C,ACT-DUP-0008,
ROUTE,RTE-3623DB4A,39.58,69.63,LOW,13.53,19.65,45.22,60.0,0.0,35.0,4,TRADE|ROUTE|ENTITY|LINGUISTIC,INC-ACD8DFCD|INC-32716F42|INC-DDF4BE8C,RTE-3623DB4A,ACT-2F205955|ACT-61CA522C|ACT-F70E04EC,
ROUTE,RTE-BEF74FCD,39.3,72.26,LOW,21.12,22.81,32.12,60.0,0.0,25.0,4,TRADE|ROUTE|ENTITY|LINGUISTIC,INC-F78CF454|INC-9FA1225A|INC-B7149057|INC-2826EA19,RTE-BEF74FCD,ACT-CFAB48FB|ACT-72D14581|ACT-7187AEBF|ACT-0D3A69A7,
INCIDENT,INC-0AD78984,39.16,37.83,LOW,45.0,84.44,8.65,0.0,0.0,25.0,2,TRADE|ROUTE,INC-0AD78984,RTE-F51C2F2E,ACT-95A4317F,
INCIDENT,INC-BD1CBF34,39.15,61.42,LOW,46.55,61.73,23.9,0.0,0.0,15.0,3,TRADE|ROUTE|ENTITY,INC-BD1CBF34,RTE-32F0E94F,ACT-2D0BDD94,
INCIDENT,INC-4BCBFFEF,39.1,54.35,LOW,27.24,80.62,24.21,0.0,0.0,15.0,3,TRADE|ROUTE|ENTITY,INC-4BCBFFEF,RTE-844D2BD8,ACT-1DF99FFB,
ROUTE,RTE-BFA90C2B,39.04,72.02,LOW,21.86,21.87,30.71,60.0,0.0,25.0,4,TRADE|ROUTE|ENTITY|LINGUISTIC,INC-5ECD4F9B|INC-255C0F50|INC-BF3E895A,RTE-BFA90C2B,ACT-8AF11CFA|ACT-239810D5|ACT-40058B0F,
INCIDENT,INC-2E288468,38.95,40.99,LOW,66.55,61.73,9.19,0.0,0.0,25.0,2,TRADE|ROUTE,INC-2E288468,RTE-32F0E94F,ACT-DD3ED62E,
ROUTE,RTE-5B12885C,38.87,71.77,LOW,20.19,21.87,32.35,60.0,0.0,25.0,4,TRADE|ROUTE|ENTITY|LINGUISTIC,INC-D6C72864|INC-ADB724B1|INC-4CC681DB,RTE-5B12885C,ACT-A647D8DE|ACT-E039AAEB|ACT-A05EB96B,
INCIDENT,INC-8C43E7FC,38.7,40.28,LOW,66.55,61.73,7.57,0.0,0.0,25.0,2,TRADE|ROUTE,INC-8C43E7FC,RTE-32F0E94F,ACT-45C722DA,
INCIDENT,INC-751BFF5B,38.68,57.37,LOW,46.55,61.73,14.05,0.0,0.0,25.0,3,TRADE|ROUTE|ENTITY,INC-751BFF5B,RTE-32F0E94F,ACT-A7290540,
INCIDENT,INC-EE63DD43,38.66,77.61,LOW,32.07,22.81,19.6,40.0,0.0,40.0,4,TRADE|ROUTE|ENTITY|LINGUISTIC,INC-EE63DD43,RTE-15E430E6,ACT-6F081E40,
INCIDENT,INC-060C103D,38.61,40.34,LOW,64.48,63.43,7.57,0.0,0.0,25.0,2,TRADE|ROUTE,INC-060C103D,RTE-FB4EE4BA,ACT-6890BAC6,
INCIDENT,INC-14EBC331,38.44,37.69,LOW,47.24,80.62,6.49,0.0,0.0,25.0,2,TRADE|ROUTE,INC-14EBC331,RTE-844D2BD8,ACT-8D60BEB9,
INCIDENT,INC-613CD097,38.38,39.31,LOW,66.55,61.73,5.41,0.0,0.0,25.0,2,TRADE|ROUTE,INC-613CD097,RTE-32F0E94F,ACT-DC4BFFE4,
INCIDENT,INC-51199438,38.26,58.92,LOW,44.48,63.43,18.57,0.0,0.0,15.0,3,TRADE|ROUTE|ENTITY,INC-51199438,RTE-FB4EE4BA,ACT-46D85523,
INCIDENT,INC-F16B3BA6,38.2,36.98,LOW,47.24,80.62,4.86,0.0,0.0,25.0,2,TRADE|ROUTE,INC-F16B3BA6,RTE-844D2BD8,ACT-9150A102,
INCIDENT,INC-116281CC,38.17,67.32,LOW,49.83,36.63,53.67,0.0,0.0,15.0,3,TRADE|ROUTE|ENTITY,INC-116281CC,RTE-C3C4BB2E,ACT-6C2A62E9,
ACTOR,ACT-6890BAC6,38.16,49.34,LOW,11.41,70.71,7.57,53.33,0.0,15.0,3,TRADE|ROUTE|LINGUISTIC,INC-060C103D|INC-7A465F5A|INC-3309C37C,RTE-E5F5E120|RTE-FB4EE4BA|RTE-22651175,ACT-6890BAC6,
ROUTE,RTE-A9A64DEE,38.06,69.51,LOW,28.53,19.65,16.74,60.0,0.0,25.0,4,TRADE|ROUTE|ENTITY|LINGUISTIC,INC-F9FFB5E7|INC-15FBD001|INC-BFB5BBA3,RTE-A9A64DEE,ACT-B49444A6|ACT-DB3AAE2B|ACT-1B6D6C5C,
ROUTE,RTE-6502C0EF,37.88,70.46,LOW,21.12,22.81,22.63,60.0,0.0,25.0,4,TRADE|ROUTE|ENTITY|LINGUISTIC,INC-5ED074E5|INC-A50D090A|INC-9C8F005B|INC-0CED375A,RTE-6502C0EF,ACT-525CFB31|ACT-F513E9F2|ACT-4A810E54|ACT-020A968E,
ACTOR,ACT-0D3A69A7,37.73,51.4,LOW,19.89,85.94,25.12,0.0,0.0,5.0,3,TRADE|ROUTE|ENTITY,INC-F78CF454|INC-54ADB586,RTE-BEF74FCD|RTE-844D2BD8,ACT-0D3A69A7,
ACTOR,ACT-7353F8D0,37.6,62.07,LOW,38.83,63.95,29.38,0.0,0.0,5.0,3,TRADE|ROUTE|ENTITY,INC-7A314C1F|INC-C23A7161|INC-3A7D94EE|INC-322254E2,RTE-D37D6F20|RTE-15E430E6|RTE-EF6F0110|RTE-F534A60F,ACT-7353F8D0,
ACTOR,ACT-BF767554,37.46,53.67,LOW,14.38,81.5,39.94,0.0,0.0,5.0,3,TRADE|ROUTE|ENTITY,INC-E93DC79B|INC-C378F9D9|INC-E2775A7D,RTE-C3C4BB2E|RTE-F2391A9E|RTE-F51C2F2E,ACT-BF767554,
INCIDENT,INC-1F9B79FA,37.13,39.46,LOW,61.55,61.73,5.41,0.0,0.0,25.0,2,TRADE|ROUTE,INC-1F9B79FA,RTE-32F0E94F,ACT-DC4BFFE4,
INCIDENT,INC-FE8EFEF7,37.13,66.45,LOW,52.76,33.27,47.51,0.0,0.0,15.0,3,TRADE|ROUTE|ENTITY,INC-FE8EFEF7,RTE-12678A58,ACT-DUP-0008,
INCIDENT,INC-48AB8F6C,37.13,39.46,LOW,61.55,61.73,5.41,0.0,0.0,25.0,2,TRADE|ROUTE,INC-48AB8F6C,RTE-32F0E94F,ACT-DC4BFFE4,
INCIDENT,INC-3ED8334F,37.11,62.58,LOW,52.76,26.0,59.49,0.0,0.0,15.0,3,TRADE|ROUTE|ENTITY,INC-3ED8334F,RTE-674B55E3,ACT-DUP-0006,
INCIDENT,INC-9D2BA2B7,37.11,63.01,LOW,38.97,58.56,28.21,0.0,0.0,15.0,3,TRADE|ROUTE|ENTITY,INC-9D2BA2B7,RTE-D37D6F20,ACT-D404B1E6,
ACTOR,ACT-CFAB48FB,37.09,57.33,LOW,34.77,70.62,21.63,0.0,0.0,5.0,3,TRADE|ROUTE|ENTITY,INC-5E8DF0E8|INC-47ED0F0D|INC-9FA1225A,RTE-15E430E6|RTE-BEF74FCD|RTE-FB4EE4BA,ACT-CFAB48FB,
INCIDENT,INC-131AE7EA,36.98,62.15,LOW,52.07,25.31,60.92,0.0,0.0,15.0,3,TRADE|ROUTE|ENTITY,INC-131AE7EA,RTE-526A517F,ACT-DUP-0005,
ROUTE,RTE-BE75B5F4,36.68,66.14,LOW,39.39,31.12,50.34,0.0,0.0,45.0,3,TRADE|ROUTE|ENTITY,INC-1632354A|INC-515699A6|INC-C54BDAF9|INC-8D27A117|INC-00F43BE5,RTE-BE75B5F4,ACT-DUP-0001|ACT-1D992B5E|ACT-0BE618C7|ACT-898A30A1|ACT-DUP-0007,
ROUTE,RTE-50CAC933,36.66,68.77,LOW,20.93,12.05,32.78,60.0,0.0,25.0,4,TRADE|ROUTE|ENTITY|LINGUISTIC,INC-5A9D0819|INC-976F24FE,RTE-50CAC933,ACT-61CA522C|ACT-F73F1F34,
ROUTE,RTE-83C30583,36.54,49.26,LOW,20.93,7.6,41.01,85.0,0.0,35.0,3,TRADE|ENTITY|LINGUISTIC,INC-5F1EE080|INC-66FE58C2,RTE-83C30583,ACT-95A4317F|ACT-F70E04EC,
ROUTE,RTE-3BE0D749,36.53,68.8,LOW,21.86,17.43,21.41,60.0,0.0,25.0,4,TRADE|ROUTE|ENTITY|LINGUISTIC,INC-A23E05D2|INC-9E823210|INC-82D04226,RTE-3BE0D749,ACT-F513E9F2|ACT-DBBBE5BC|ACT-2AF63B3F,
ACTOR,ACT-16E31CC7,36.34,59.74,LOW,34.3,65.6,25.78,0.0,0.0,5.0,3,TRADE|ROUTE|ENTITY,INC-B8101499|INC-8F3C31BD,RTE-32F0E94F|RTE-C3C4BB2E,ACT-16E31CC7,
INCIDENT,INC-A8C18B51,35.9,56.53,LOW,54.83,37.95,11.35,0.0,0.0,40.0,3,TRADE|ROUTE|ENTITY,INC-A8C18B51,RTE-22651175,ACT-516B220E,
INCIDENT,INC-78F43FAB,35.89,57.51,LOW,54.83,36.63,13.51,0.0,0.0,40.0,3,TRADE|ROUTE|ENTITY,INC-78F43FAB,RTE-C3C4BB2E,ACT-7494AE24,
INCIDENT,INC-9C20A615,35.65,57.46,LOW,67.07,25.31,27.02,0.0,0.0,15.0,3,TRADE|ROUTE|ENTITY,INC-9C20A615,RTE-526A517F,ACT-72D14581,
ACTOR,ACT-C1CE62FB,35.52,58.0,LOW,20.76,68.6,37.85,0.0,0.0,5.0,3,TRADE|ROUTE|ENTITY,INC-3B7B78A7|INC-CDEF77A9,RTE-EFEFC83E|RTE-32F0E94F,ACT-C1CE62FB,
INCIDENT,INC-4A35725C,35.48,65.74,LOW,48.45,29.99,49.16,0.0,0.0,15.0,3,TRADE|ROUTE|ENTITY,INC-4A35725C,RTE-8F0A4EBD,ACT-130BC3BE,
INCIDENT,INC-28275C25,35.23,63.13,LOW,52.76,24.69,49.16,0.0,0.0,15.0,3,TRADE|ROUTE|ENTITY,INC-28275C25,RTE-01273A62,ACT-130BC3BE,
INCIDENT,INC-9F6FAE88,35.11,64.08,LOW,54.14,34.04,30.41,0.0,0.0,15.0,3,TRADE|ROUTE|ENTITY,INC-9F6FAE88,RTE-05837773,ACT-E039AAEB,
INCIDENT,INC-6D10E95C,34.72,54.84,LOW,67.76,25.44,19.5,0.0,0.0,15.0,3,TRADE|ROUTE|ENTITY,INC-6D10E95C,RTE-5CFE009F,ACT-61CA522C,
INCIDENT,INC-1B2B6136,34.59,62.45,LOW,52.07,22.81,49.16,0.0,0.0,15.0,3,TRADE|ROUTE|ENTITY,INC-1B2B6136,RTE-B4DC47C9,ACT-130BC3BE,
ACTOR,ACT-ADB13586,34.34,61.95,LOW,38.52,54.98,23.09,0.0,0.0,5.0,3,TRADE|ROUTE|ENTITY,INC-6DD32668|INC-FD6591F7|INC-97AFBC25,RTE-B5BE3EA8|RTE-22651175|RTE-C3C4BB2E,ACT-ADB13586,
ROUTE,RTE-C146AD8A,34.25,46.13,LOW,22.6,7.6,22.97,85.0,0.0,35.0,3,TRADE|ENTITY|LINGUISTIC,INC-741D3958|INC-AF82125B,RTE-C146AD8A,ACT-480A6546|ACT-2AF63B3F,
ROUTE,RTE-B5BE3EA8,34.23,53.91,LOW,22.6,7.6,54.52,60.0,0.0,25.0,3,TRADE|ENTITY|LINGUISTIC,INC-6DD32668|INC-E41D08F2,RTE-B5BE3EA8,ACT-DUP-0005|ACT-ADB13586,
ACTOR,ACT-A9F1176D,34.13,47.42,LOW,12.9,66.87,4.32,33.57,0.0,15.0,3,TRADE|ROUTE|LINGUISTIC,INC-9E289A1E|INC-B8872C0C,RTE-E5F5E120|RTE-FB4EE4BA,ACT-A9F1176D,
ACTOR,ACT-5B9A50EE,33.95,54.94,LOW,21.61,69.47,24.51,0.0,0.0,5.0,3,TRADE|ROUTE|ENTITY,INC-2DDB92C7|INC-6E8E7A45,RTE-5A090E6C|RTE-22651175,ACT-5B9A50EE,
INCIDENT,INC-97AFBC25,33.91,63.12,LOW,49.83,37.95,23.09,0.0,0.0,15.0,3,TRADE|ROUTE|ENTITY,INC-97AFBC25,RTE-22651175,ACT-ADB13586,
INCIDENT,INC-4C48EFFC,33.82,64.59,LOW,47.76,26.0,45.88,0.0,0.0,15.0,3,TRADE|ROUTE|ENTITY,INC-4C48EFFC,RTE-674B55E3,ACT-F70E04EC,
INCIDENT,INC-0153BECF,33.67,70.35,LOW,34.83,37.95,39.85,0.0,0.0,25.0,3,TRADE|ROUTE|ENTITY,INC-0153BECF,RTE-22651175,ACT-EBD0B65D,
ROUTE,RTE-857F6451,33.47,43.46,LOW,10.93,7.6,27.23,85.0,0.0,50.0,3,TRADE|ENTITY|LINGUISTIC,INC-BBF6FF7D|INC-C431ADBC,RTE-857F6451,ACT-EB994163|ACT-0BE618C7,
INCIDENT,INC-8D27A117,33.35,58.35,LOW,32.76,31.12,44.54,8.0,0.0,25.0,3,TRADE|ROUTE|ENTITY,INC-8D27A117,RTE-BE75B5F4,ACT-DUP-0001,
INCIDENT,INC-15094649,33.34,57.85,LOW,32.07,22.81,67.45,0.0,0.0,25.0,3,TRADE|ROUTE|ENTITY,INC-15094649,RTE-F2391A9E,ACT-A3B509D1,
INCIDENT,INC-322254E2,33.13,62.35,LOW,53.45,27.46,29.38,0.0,0.0,15.0,3,TRADE|ROUTE|ENTITY,INC-322254E2,RTE-EF6F0110,ACT-7353F8D0,
INCIDENT,INC-00F43BE5,32.78,65.65,LOW,32.76,31.12,48.72,0.0,0.0,25.0,3,TRADE|ROUTE|ENTITY,INC-00F43BE5,RTE-BE75B5F4,ACT-DUP-0007,
ACTOR,ACT-B1A0AF66,32.7,55.52,LOW,22.17,65.06,22.61,0.0,0.0,5.0,3,TRADE|ROUTE|ENTITY,INC-C678EEF3|INC-0B663344,RTE-5A090E6C|RTE-837DA83F,ACT-B1A0AF66,
INCIDENT,INC-38A2513D,32.69,64.46,LOW,46.38,24.37,36.65,0.0,0.0,25.0,3,TRADE|ROUTE|ENTITY,INC-38A2513D,RTE-FDDFEF85,ACT-2F205955,
ACTOR,ACT-866A9666,32.65,67.08,LOW,27.82,41.49,38.81,0.0,0.0,25.0,3,TRADE|ROUTE|ENTITY,INC-60CEEFAB|INC-A5C21485,RTE-F534A60F|RTE-C3C4BB2E,ACT-866A9666,
INCIDENT,INC-1E7A6C43,32.54,39.73,LOW,46.55,61.73,6.49,0.0,0.0,15.0,2,TRADE|ROUTE,INC-1E7A6C43,RTE-32F0E94F,ACT-4DBAB638,
ROUTE,RTE-F2391A9E,32.48,55.71,LOW,24.46,22.81,67.78,0.0,0.0,35.0,3,TRADE|ROUTE|ENTITY,INC-73CA5741|INC-E93DC79B|INC-15094649|INC-910E86C3,RTE-F2391A9E,ACT-F702EB53|ACT-239810D5|ACT-BF767554|ACT-A3B509D1,
INCIDENT,INC-A90DF55B,32.43,67.62,LOW,34.14,34.04,45.88,0.0,0.0,15.0,3,TRADE|ROUTE|ENTITY,INC-A90DF55B,RTE-05837773,ACT-F70E04EC,
INCIDENT,INC-E2775A7D,32.36,70.29,LOW,34.83,36.63,39.94,0.0,0.0,15.0,3,TRADE|ROUTE|ENTITY,INC-E2775A7D,RTE-C3C4BB2E,ACT-BF767554,
INCIDENT,INC-33BF5D05,32.13,57.64,LOW,18.97,58.56,28.36,0.0,0.0,15.0,3,TRADE|ROUTE|ENTITY,INC-33BF5D05,RTE-D37D6F20,ACT-9DC49715,
INCIDENT,INC-9E289A1E,31.88,37.63,LOW,39.48,63.43,4.32,0.0,0.0,25.0,2,TRADE|ROUTE,INC-9E289A1E,RTE-FB4EE4BA,ACT-A9F1176D,
ROUTE,RTE-F534A60F,31.71,62.54,LOW,27.05,27.4,50.65,0.0,0.0,35.0,3,TRADE|ROUTE|ENTITY,INC-8FBA0CAB|INC-3A7D94EE|INC-075D65FD|INC-A5C21485|INC-0AA68A2E,RTE-F534A60F,ACT-866A9666|ACT-2DA4F2E3|ACT-7353F8D0|ACT-DD3ED62E|ACT-71CD333C,
ROUTE,RTE-A6BAB08D,31.57,60.83,LOW,29.46,22.81,53.35,0.0,0.0,35.0,3,TRADE|ROUTE|ENTITY,INC-C3E926DF|INC-12FED95A|INC-2992C5A5|INC-6643099B,RTE-A6BAB08D,ACT-7494AE24|ACT-DUP-0005|ACT-ADF3339E|ACT-40058B0F,
ROUTE,RTE-526A517F,31.49,61.14,LOW,29.46,25.31,55.35,0.0,0.0,25.0,3,TRADE|ROUTE|ENTITY,INC-D8942366|INC-DF24931D|INC-9C20A615|INC-131AE7EA,RTE-526A517F,ACT-72D14581|ACT-8AF11CFA|ACT-DUP-0005|ACT-F134FC9B,
ACTOR,ACT-2D0BDD94,31.44,55.25,LOW,18.75,62.67,23.9,0.0,0.0,5.0,3,TRADE|ROUTE|ENTITY,INC-BD1CBF34|INC-05AA8387,RTE-D769322C|RTE-32F0E94F,ACT-2D0BDD94,
INCIDENT,INC-4CC681DB,31.38,61.24,LOW,51.38,21.87,30.41,0.0,0.0,15.0,3,TRADE|ROUTE|ENTITY,INC-4CC681DB,RTE-5B12885C,ACT-E039AAEB,
INCIDENT,INC-6643099B,31.36,59.39,LOW,32.07,22.81,60.92,0.0,0.0,15.0,3,TRADE|ROUTE|ENTITY,INC-6643099B,RTE-A6BAB08D,ACT-DUP-0005,
ACTOR,ACT-E039AAEB,31.36,65.27,LOW,29.95,47.26,30.41,0.0,0.0,5.0,3,TRADE|ROUTE|ENTITY,INC-9F6FAE88|INC-2CE068AA|INC-4CC681DB|INC-2199F6B6,RTE-8F0A4EBD|RTE-5B12885C|RTE-842CC51F|RTE-05837773,ACT-E039AAEB,
INCIDENT,INC-C36D97AB,31.33,60.9,LOW,46.38,17.43,45.88,0.0,0.0,15.0,3,TRADE|ROUTE|ENTITY,INC-C36D97AB,RTE-D769322C,ACT-F70E04EC,
INCIDENT,INC-6E8E7A45,31.23,56.91,LOW,18.97,57.25,24.51,0.0,0.0,15.0,3,TRADE|ROUTE|ENTITY,INC-6E8E7A45,RTE-5A090E6C,ACT-5B9A50EE,
ROUTE,RTE-E5F5E120,31.0,50.62,LOW,5.19,21.87,24.87,60.0,0.0,45.0,3,ROUTE|ENTITY|LINGUISTIC,INC-B8872C0C|INC-9B509137|INC-7A465F5A,RTE-E5F5E120,ACT-A9F1176D|ACT-6890BAC6|ACT-0BE618C7,
INCIDENT,INC-C678EEF3,30.94,56.29,LOW,18.97,57.25,22.61,0.0,0.0,15.0,3,TRADE|ROUTE|ENTITY,INC-C678EEF3,RTE-5A090E6C,ACT-B1A0AF66,
INCIDENT,INC-84D99EB6,30.85,65.02,LOW,33.45,27.46,47.51,0.0,0.0,15.0,3,TRADE|ROUTE|ENTITY,INC-84D99EB6,RTE-EF6F0110,ACT-DUP-0008,
ACTOR,ACT-9DC49715,30.47,53.53,LOW,12.02,62.86,28.36,0.0,0.0,5.0,3,TRADE|ROUTE|ENTITY,INC-33BF5D05|INC-822AF71E,RTE-D5B7DEF5|RTE-D37D6F20,ACT-9DC49715,
INCIDENT,INC-9FA1225A,30.46,58.87,LOW,52.07,22.81,21.63,0.0,0.0,15.0,3,TRADE|ROUTE|ENTITY,INC-9FA1225A,RTE-BEF74FCD,ACT-CFAB48FB,
INCIDENT,INC-2DDB92C7,30.37,66.69,LOW,34.83,37.95,24.51,0.0,0.0,15.0,3,TRADE|ROUTE|ENTITY,INC-2DDB92C7,RTE-22651175,ACT-5B9A50EE,
ROUTE,RTE-367D804C,30.31,51.81,LOW,12.6,9.83,41.36,60.0,0.0,25.0,3,TRADE|ENTITY|LINGUISTIC,INC-E68D0BDF|INC-023A4B6B,RTE-367D804C,ACT-0E08ABDD|ACT-A05EB96B,
ROUTE,RTE-12678A58,30.26,65.77,LOW,22.72,33.27,38.43,0.0,0.0,35.0,3,TRADE|ROUTE|ENTITY,INC-519C9B4B|INC-7D4B283E|INC-FE8EFEF7|INC-9FEDC9C2|INC-43B2CB9A,RTE-12678A58,ACT-525CFB31|ACT-CA6408EB|ACT-7494AE24|ACT-DUP-0008|ACT-40058B0F,
ACTOR,ACT-8D60BEB9,30.22,36.6,LOW,33.02,69.97,6.49,0.0,0.0,5.0,2,TRADE|ROUTE,INC-F8517BB9|INC-14EBC331,RTE-844D2BD8|RTE-5CFE009F,ACT-8D60BEB9,
INCIDENT,INC-CD4B4FDB,30.2,62.46,LOW,47.07,22.81,28.21,0.0,0.0,15.0,3,TRADE|ROUTE|ENTITY,INC-CD4B4FDB,RTE-B4DC47C9,ACT-D404B1E6,
INCIDENT,INC-B7149057,30.02,62.17,LOW,47.07,22.81,27.02,0.0,0.0,15.0,3,TRADE|ROUTE|ENTITY,INC-B7149057,RTE-BEF74FCD,ACT-72D14581,
INCIDENT,INC-5190CCE5,29.89,60.66,LOW,47.76,25.44,20.63,0.0,0.0,15.0,3,TRADE|ROUTE|ENTITY,INC-5190CCE5,RTE-5CFE009F,ACT-FD05814E,
INCIDENT,INC-FD6591F7,29.83,66.29,LOW,34.83,36.63,23.09,0.0,0.0,15.0,3,TRADE|ROUTE|ENTITY,INC-FD6591F7,RTE-C3C4BB2E,ACT-ADB13586,
INCIDENT,INC-BFF12B37,29.53,39.6,LOW,38.97,57.25,6.49,0.0,0.0,15.0,2,TRADE|ROUTE,INC-BFF12B37,RTE-5A090E6C,ACT-6AB623B4,
ROUTE,RTE-4B8AC9E4,29.5,48.34,LOW,20.19,21.87,3.24,60.0,0.0,25.0,3,TRADE|ROUTE|LINGUISTIC,INC-C462BE8D|INC-7FD2287E|INC-6FDD3514,RTE-4B8AC9E4,ACT-6E321CE4|ACT-CA6408EB|ACT-F702EB53,
ROUTE,RTE-378A7DE2,29.38,49.7,LOW,20.93,7.6,18.33,60.0,0.0,35.0,3,TRADE|ENTITY|LINGUISTIC,INC-37F58A26|INC-E1E1AE41,RTE-378A7DE2,ACT-802FEC44|ACT-9150A102,
ROUTE,RTE-A842284A,29.27,51.09,LOW,20.93,5.38,27.92,60.0,0.0,25.0,3,TRADE|ENTITY|LINGUISTIC,INC-CE3FC3E6|INC-10F98BB7,RTE-A842284A,ACT-7A15D23A|ACT-F73F1F34,
INCIDENT,INC-47ED0F0D,29.21,60.47,LOW,47.07,22.81,21.63,0.0,0.0,15.0,3,TRADE|ROUTE|ENTITY,INC-47ED0F0D,RTE-15E430E6,ACT-CFAB48FB,
ACTOR,ACT-61CA522C,29.06,63.92,LOW,35.98,38.56,19.5,0.0,0.0,5.0,3,TRADE|ROUTE|ENTITY,INC-976F24FE|INC-94298C74|INC-6D10E95C|INC-32716F42,RTE-DD5236CF|RTE-3623DB4A|RTE-50CAC933|RTE-5CFE009F,ACT-61CA522C,
ROUTE,RTE-7C3E668E,28.93,49.26,LOW,10.93,5.38,42.33,60.0,0.0,25.0,3,TRADE|ENTITY|LINGUISTIC,INC-CD369185|INC-B9EF0A14,RTE-7C3E668E,ACT-D404B1E6|ACT-F70E04EC,
INCIDENT,INC-2CE068AA,28.92,70.52,LOW,33.45,29.99,30.41,0.0,0.0,15.0,3,TRADE|ROUTE|ENTITY,INC-2CE068AA,RTE-8F0A4EBD,ACT-E039AAEB,
ROUTE,RTE-EA4FA88B,28.72,65.15,LOW,35.19,19.65,30.03,0.0,0.0,35.0,3,TRADE|ROUTE|ENTITY,INC-0D9BA78C|INC-F1B64D6B|INC-50FDFD5C,RTE-EA4FA88B,ACT-516B220E|ACT-34C1CDB5|ACT-451B57E0,
ROUTE,RTE-68716855,28.62,48.48,LOW,10.93,5.38,33.63,60.0,0.0,35.0,3,TRADE|ENTITY|LINGUISTIC,INC-1C5B91BF|INC-FD151C94,RTE-68716855,ACT-4C5661F3|ACT-EBD0B65D,
INCIDENT,INC-01E8CFE1,28.43,33.21,LOW,67.76,26.0,3.24,0.0,0.0,15.0,2,TRADE|ROUTE,INC-01E8CFE1,RTE-674B55E3,ACT-A05EB96B,
ROUTE,RTE-B4CA579B,28.42,50.38,LOW,0.0,0.0,59.49,100.0,0.0,15.0,2,ENTITY|LINGUISTIC,INC-A5B18D16,RTE-B4CA579B,ACT-DUP-0006,
ROUTE,RTE-01273A62,28.32,65.69,LOW,27.05,24.69,39.25,0.0,0.0,25.0,3,TRADE|ROUTE|ENTITY,INC-8F5F24D4|INC-28275C25|INC-83C84C75|INC-BD24F6C5|INC-0D75271F,RTE-01273A62,ACT-EB994163|ACT-1D992B5E|ACT-76F7BDE8|ACT-ADF3339E|ACT-130BC3BE,
ACTOR,ACT-40058B0F,28.28,40.81,LOW,49.12,46.1,6.49,0.0,0.0,5.0,2,TRADE|ROUTE,INC-C3E926DF|INC-5ECD4F9B|INC-7D4B283E|INC-E8023570,RTE-BFA90C2B|RTE-8F0A4EBD|RTE-12678A58|RTE-A6BAB08D,ACT-40058B0F,
INCIDENT,INC-E93DC79B,28.21,65.36,LOW,32.07,22.81,39.94,0.0,0.0,15.0,3,TRADE|ROUTE|ENTITY,INC-E93DC79B,RTE-F2391A9E,ACT-BF767554,
INCIDENT,INC-ACD8DFCD,28.14,62.04,LOW,31.38,19.65,45.88,0.0,0.0,15.0,3,TRADE|ROUTE|ENTITY,INC-ACD8DFCD,RTE-3623DB4A,ACT-F70E04EC,
INCIDENT,INC-519C9B4B,28.03,61.6,LOW,32.76,33.27,13.51,0.0,0.0,25.0,3,TRADE|ROUTE|ENTITY,INC-519C9B4B,RTE-12678A58,ACT-7494AE24,
INCIDENT,INC-D394A13C,27.96,69.31,LOW,33.45,27.46,28.21,0.0,0.0,15.0,3,TRADE|ROUTE|ENTITY,INC-D394A13C,RTE-EF6F0110,ACT-D404B1E6,
INCIDENT,INC-3A7D94EE,27.95,69.78,LOW,32.76,27.4,29.38,0.0,0.0,15.0,3,TRADE|ROUTE|ENTITY,INC-3A7D94EE,RTE-F534A60F,ACT-7353F8D0,
ACTOR,ACT-FD05814E,27.92,66.81,LOW,30.55,30.75,20.63,0.0,0.0,25.0,3,TRADE|ROUTE|ENTITY,INC-6E3D7227|INC-5190CCE5,RTE-837DA83F|RTE-5CFE009F,ACT-FD05814E,
INCIDENT,INC-DDF4BE8C,27.76,64.71,LOW,31.38,19.65,36.65,0.0,0.0,25.0,3,TRADE|ROUTE|ENTITY,INC-DDF4BE8C,RTE-3623DB4A,ACT-2F205955,
INCIDENT,INC-50FDFD5C,27.71,54.62,LOW,46.38,19.65,11.35,0.0,0.0,25.0,3,TRADE|ROUTE|ENTITY,INC-50FDFD5C,RTE-EA4FA88B,ACT-516B220E,
INCIDENT,INC-C331EBE5,27.52,60.85,LOW,14.83,36.63,41.05,0.0,0.0,15.0,3,TRADE|ROUTE|ENTITY,INC-C331EBE5,RTE-C3C4BB2E,ACT-A9210483,
ROUTE,RTE-27682144,27.51,57.26,LOW,20.0,0.0,26.74,60.0,0.0,25.0,3,TRADE|ENTITY|LINGUISTIC,INC-5D101D0F,RTE-27682144,ACT-5535B8FF,
ACTOR,ACT-239810D5,27.21,67.19,LOW,32.02,24.69,36.85,0.0,0.0,5.0,3,TRADE|ROUTE|ENTITY,INC-73CA5741|INC-BF3E895A,RTE-BFA90C2B|RTE-F2391A9E,ACT-239810D5,
INCIDENT,INC-06F73824,27.18,66.73,LOW,27.07,25.31,37.22,0.0,0.0,15.0,3,TRADE|ROUTE|ENTITY,INC-06F73824,RTE-EFEFC83E,ACT-BA821236,
INCIDENT,INC-ADB724B1,27.05,31.95,LOW,66.38,21.87,3.24,0.0,0.0,15.0,2,TRADE|ROUTE,INC-ADB724B1,RTE-5B12885C,ACT-A05EB96B,
ACTOR,ACT-F73F1F34,27.03,64.3,LOW,37.54,19.65,28.19,0.0,0.0,15.0,3,TRADE|ROUTE|ENTITY,INC-5A9D0819|INC-10F98BB7,RTE-50CAC933|RTE-A842284A,ACT-F73F1F34,
INCIDENT,INC-00274222,26.93,38.46,LOW,49.83,37.95,3.24,0.0,0.0,15.0,2,TRADE|ROUTE,INC-00274222,RTE-22651175,ACT-BDA5B9AD,
INCIDENT,INC-9FEDC9C2,26.74,38.53,LOW,52.76,33.27,4.86,0.0,0.0,15.0,2,TRADE|ROUTE,INC-9FEDC9C2,RTE-12678A58,ACT-CA6408EB,
ACTOR,ACT-898A30A1,26.64,59.86,LOW,19.78,44.42,20.57,0.0,0.0,5.0,3,TRADE|ROUTE|ENTITY,INC-1632354A|INC-9F36A672,RTE-BE75B5F4|RTE-C3C4BB2E,ACT-898A30A1,
INCIDENT,INC-7A314C1F,26.63,67.85,LOW,32.07,22.81,29.38,0.0,0.0,15.0,3,TRADE|ROUTE|ENTITY,INC-7A314C1F,RTE-15E430E6,ACT-7353F8D0,
ACTOR,ACT-1DF99FFB,26.55,33.84,LOW,6.42,71.26,24.21,0.0,0.0,5.0,2,ROUTE|ENTITY,INC-8EB5B84D|INC-4BCBFFEF,RTE-8F0A4EBD|RTE-844D2BD8,ACT-1DF99FFB,
INCIDENT,INC-F9B159E0,26.48,65.95,LOW,27.07,22.81,36.72,0.0,0.0,15.0,3,TRADE|ROUTE|ENTITY,INC-F9B159E0,RTE-B4DC47C9,ACT-83FE0258,
INCIDENT,INC-2199F6B6,26.38,67.41,LOW,31.38,21.87,30.41,0.0,0.0,15.0,3,TRADE|ROUTE|ENTITY,INC-2199F6B6,RTE-842CC51F,ACT-E039AAEB,
INCIDENT,INC-146BDA30,26.25,38.58,LOW,52.76,25.72,7.57,0.0,0.0,25.0,2,TRADE|ROUTE,INC-146BDA30,RTE-D5B7DEF5,ACT-45C722DA,
INCIDENT,INC-F78CF454,25.99,67.58,LOW,32.07,22.81,25.12,0.0,0.0,15.0,3,TRADE|ROUTE|ENTITY,INC-F78CF454,RTE-BEF74FCD,ACT-0D3A69A7,
INCIDENT,INC-8D8D900A,25.87,65.12,LOW,32.76,25.72,18.37,0.0,0.0,15.0,3,TRADE|ROUTE|ENTITY,INC-8D8D900A,RTE-D5B7DEF5,ACT-B49444A6,
INCIDENT,INC-83C84C75,25.85,65.85,LOW,32.76,24.69,19.94,0.0,0.0,15.0,3,TRADE|ROUTE|ENTITY,INC-83C84C75,RTE-01273A62,ACT-EB994163,
INCIDENT,INC-BBF6FF7D,25.74,39.59,LOW,50.69,7.6,27.76,0.0,0.0,40.0,2,TRADE|ENTITY,INC-BBF6FF7D,RTE-857F6451,ACT-0BE618C7,
INCIDENT,INC-4832DCE1,25.58,63.95,LOW,32.76,25.72,16.41,0.0,0.0,15.0,3,TRADE|ROUTE|ENTITY,INC-4832DCE1,RTE-D5B7DEF5,ACT-6C6CC66E,
ACTOR,ACT-B49444A6,25.58,64.57,LOW,26.83,34.47,18.37,0.0,0.0,5.0,3,TRADE|ROUTE|ENTITY,INC-F9FFB5E7|INC-A1D80761|INC-8D8D900A,RTE-D5B7DEF5|RTE-A9A64DEE|RTE-E316C151,ACT-B49444A6,
INCIDENT,INC-37F58A26,25.55,35.46,LOW,45.69,7.6,4.86,40.0,0.0,25.0,2,TRADE|LINGUISTIC,INC-37F58A26,RTE-378A7DE2,ACT-9150A102,
INCIDENT,INC-7FA21422,25.55,60.7,LOW,32.07,25.31,11.35,0.0,0.0,25.0,3,TRADE|ROUTE|ENTITY,INC-7FA21422,RTE-EFEFC83E,ACT-516B220E,
ACTOR,ACT-525CFB31,25.38,39.34,LOW,38.98,38.59,3.24,0.0,0.0,25.0,2,TRADE|ROUTE,INC-5ED074E5|INC-43B2CB9A,RTE-6502C0EF|RTE-12678A58,ACT-525CFB31,
INCIDENT,INC-12FED95A,25.25,62.03,LOW,32.07,22.81,13.51,0.0,0.0,25.0,3,TRADE|ROUTE|ENTITY,INC-12FED95A,RTE-A6BAB08D,ACT-7494AE24,
INCIDENT,INC-8F3C31BD,25.23,61.63,LOW,14.83,36.63,25.78,0.0,0.0,15.0,3,TRADE|ROUTE|ENTITY,INC-8F3C31BD,RTE-C3C4BB2E,ACT-16E31CC7,
INCIDENT,INC-94298C74,25.15,65.57,LOW,32.07,22.81,19.5,0.0,0.0,15.0,3,TRADE|ROUTE|ENTITY,INC-94298C74,RTE-DD5236CF,ACT-61CA522C,
INCIDENT,INC-CC3301EE,25.1,63.02,LOW,30.69,14.27,29.09,0.0,0.0,25.0,3,TRADE|ROUTE|ENTITY,INC-CC3301EE,RTE-9EC78713,ACT-A19B3B13,
ACTOR,ACT-451B57E0,25.08,67.07,LOW,24.06,32.59,22.8,0.0,0.0,5.0,3,TRADE|ROUTE|ENTITY,INC-0D9BA78C|INC-F9BF0F1F,RTE-D5B7DEF5|RTE-EA4FA88B,ACT-451B57E0,
INCIDENT,INC-494FEC72,25.06,65.03,LOW,31.38,24.37,17.49,0.0,0.0,15.0,3,TRADE|ROUTE|ENTITY,INC-494FEC72,RTE-FDDFEF85,ACT-001930AF,
INCIDENT,INC-BD24F6C5,24.92,37.94,LOW,52.76,24.69,7.03,0.0,0.0,15.0,2,TRADE|ROUTE,INC-BD24F6C5,RTE-01273A62,ACT-1D992B5E,
INCIDENT,INC-3309C37C,24.83,42.71,LOW,34.83,37.95,7.57,0.0,0.0,25.0,2,TRADE|ROUTE,INC-3309C37C,RTE-22651175,ACT-6890BAC6,
ROUTE,RTE-842CC51F,24.71,60.42,LOW,13.53,21.87,35.72,0.0,0.0,35.0,3,TRADE|ROUTE|ENTITY,INC-15999B13|INC-DC742503|INC-2199F6B6,RTE-842CC51F,ACT-001930AF|ACT-E039AAEB|ACT-480A6546,
ACTOR,ACT-001930AF,24.57,65.53,LOW,29.65,28.12,17.49,0.0,0.0,5.0,3,TRADE|ROUTE|ENTITY,INC-B5390996|INC-DC742503|INC-494FEC72,RTE-FDDFEF85|RTE-842CC51F|RTE-E316C151,ACT-001930AF,
INCIDENT,INC-A1D80761,24.57,65.09,LOW,31.38,21.87,18.37,0.0,0.0,15.0,3,TRADE|ROUTE|ENTITY,INC-A1D80761,RTE-E316C151,ACT-B49444A6,
ROUTE,RTE-CB7E8B4C,24.51,31.69,LOW,2.6,5.38,46.8,60.0,0.0,35.0,2,ENTITY|LINGUISTIC,INC-C080047C|INC-A6C53A45,RTE-CB7E8B4C,ACT-DUP-0002|ACT-93684B5D,
INCIDENT,INC-E41D08F2,24.46,39.19,LOW,35.69,7.6,60.92,0.0,0.0,15.0,2,TRADE|ENTITY,INC-E41D08F2,RTE-B5BE3EA8,ACT-DUP-0005,
INCIDENT,INC-9F36A672,24.45,60.47,LOW,14.83,36.63,20.57,0.0,0.0,15.0,3,TRADE|ROUTE|ENTITY,INC-9F36A672,RTE-C3C4BB2E,ACT-898A30A1,
INCIDENT,INC-DC742503,24.44,64.62,LOW,31.38,21.87,17.49,0.0,0.0,15.0,3,TRADE|ROUTE|ENTITY,INC-DC742503,RTE-842CC51F,ACT-001930AF,
INCIDENT,INC-B5390996,24.44,64.62,LOW,31.38,21.87,17.49,0.0,0.0,15.0,3,TRADE|ROUTE|ENTITY,INC-B5390996,RTE-E316C151,ACT-001930AF,
INCIDENT,INC-A5C21485,24.36,59.85,LOW,12.76,27.4,38.81,0.0,0.0,15.0,3,TRADE|ROUTE|ENTITY,INC-A5C21485,RTE-F534A60F,ACT-866A9666,
INCIDENT,INC-90E24B50,24.35,40.17,LOW,47.07,22.81,9.19,0.0,0.0,25.0,2,TRADE|ROUTE,INC-90E24B50,RTE-DD5236CF,ACT-DD3ED62E,
INCIDENT,INC-0D75271F,24.35,35.39,LOW,52.76,24.69,3.24,0.0,0.0,15.0,2,TRADE|ROUTE,INC-0D75271F,RTE-01273A62,ACT-ADF3339E,
INCIDENT,INC-5D101D0F,24.26,61.3,LOW,35.0,0.0,26.74,13.33,0.0,25.0,3,TRADE|ENTITY|LINGUISTIC,INC-5D101D0F,RTE-27682144,ACT-5535B8FF,
ACTOR,ACT-A05EB96B,24.19,37.39,LOW,48.0,28.81,3.24,0.0,0.0,15.0,2,TRADE|ROUTE,INC-023A4B6B|INC-01E8CFE1|INC-ADB724B1,RTE-5B12885C|RTE-367D804C|RTE-674B55E3,ACT-A05EB96B,
INCIDENT,INC-32716F42,24.18,64.9,LOW,31.38,19.65,19.5,0.0,0.0,15.0,3,TRADE|ROUTE|ENTITY,INC-32716F42,RTE-3623DB4A,ACT-61CA522C,
ACTOR,ACT-BA821236,24.16,61.46,LOW,15.0,25.31,37.22,0.0,0.0,15.0,3,TRADE|ROUTE|ENTITY,INC-06F73824,RTE-EFEFC83E,ACT-BA821236,
INCIDENT,INC-D8942366,24.1,66.08,LOW,27.07,25.31,16.68,0.0,0.0,15.0,3,TRADE|ROUTE|ENTITY,INC-D8942366,RTE-526A517F,ACT-8AF11CFA,
INCIDENT,INC-6E3D7227,24.07,68.59,LOW,27.07,22.81,20.63,0.0,0.0,15.0,3,TRADE|ROUTE|ENTITY,INC-6E3D7227,RTE-837DA83F,ACT-FD05814E,
INCIDENT,INC-8FBA0CAB,24.04,60.47,LOW,12.76,27.4,36.68,0.0,0.0,15.0,3,TRADE|ROUTE|ENTITY,INC-8FBA0CAB,RTE-F534A60F,ACT-2DA4F2E3,
INCIDENT,INC-F9FFB5E7,24.01,64.41,LOW,31.38,19.65,18.37,0.0,0.0,15.0,3,TRADE|ROUTE|ENTITY,INC-F9FFB5E7,RTE-A9A64DEE,ACT-B49444A6,
INCIDENT,INC-A50D090A,23.94,68.15,LOW,27.07,22.81,19.8,0.0,0.0,15.0,3,TRADE|ROUTE|ENTITY,INC-A50D090A,RTE-6502C0EF,ACT-4A810E54,
ACTOR,ACT-F513E9F2,23.81,67.43,LOW,22.38,24.69,16.94,0.0,0.0,25.0,3,TRADE|ROUTE|ENTITY,INC-A23E05D2|INC-9C8F005B,RTE-3BE0D749|RTE-6502C0EF,ACT-F513E9F2,
ACTOR,ACT-CA6408EB,23.67,39.52,LOW,29.84,43.9,4.86,0.0,0.0,15.0,2,TRADE|ROUTE,INC-4E39810E|INC-7FD2287E|INC-9FEDC9C2,RTE-4B8AC9E4|RTE-4424DBF1|RTE-12678A58,ACT-CA6408EB,
ACTOR,ACT-2AF63B3F,23.59,68.05,LOW,26.22,22.81,18.92,0.0,0.0,15.0,3,TRADE|ROUTE|ENTITY,INC-741D3958|INC-82D04226,RTE-C146AD8A|RTE-3BE0D749,ACT-2AF63B3F,
INCIDENT,INC-60A75744,23.54,60.97,LOW,14.14,34.04,19.97,0.0,0.0,15.0,3,TRADE|ROUTE|ENTITY,INC-60A75744,RTE-05837773,ACT-20D0E245,
INCIDENT,INC-3B7B78A7,23.52,59.41,LOW,12.07,25.31,37.85,0.0,0.0,15.0,3,TRADE|ROUTE|ENTITY,INC-3B7B78A7,RTE-EFEFC83E,ACT-C1CE62FB,
ACTOR,ACT-83FE0258,23.46,61.15,LOW,15.0,22.81,36.72,0.0,0.0,15.0,3,TRADE|ROUTE|ENTITY,INC-F9B159E0,RTE-B4DC47C9,ACT-83FE0258,
INCIDENT,INC-0D9BA78C,23.43,68.41,LOW,26.38,19.65,22.8,0.0,0.0,15.0,3,TRADE|ROUTE|ENTITY,INC-0D9BA78C,RTE-EA4FA88B,ACT-451B57E0,
ACTOR,ACT-802FEC44,23.22,66.3,LOW,26.32,26.37,16.98,0.0,0.0,5.0,3,TRADE|ROUTE|ENTITY,INC-BF08DBB6|INC-E1E1AE41,RTE-378A7DE2|RTE-5CFE009F,ACT-802FEC44,
ACTOR,ACT-46D85523,23.14,41.59,LOW,0.0,63.43,18.57,0.0,0.0,15.0,2,ROUTE|ENTITY,INC-51199438,RTE-FB4EE4BA,ACT-46D85523,
ACTOR,ACT-8AF11CFA,23.05,62.09,LOW,14.52,29.69,16.68,0.0,0.0,25.0,3,TRADE|ROUTE|ENTITY,INC-D8942366|INC-255C0F50,RTE-BFA90C2B|RTE-526A517F,ACT-8AF11CFA,
ACTOR,ACT-EB994163,23.02,68.84,LOW,24.5,25.62,19.94,0.0,0.0,5.0,3,TRADE|ROUTE|ENTITY,INC-C431ADBC|INC-83C84C75,RTE-857F6451|RTE-01273A62,ACT-EB994163,
INCIDENT,INC-8EB5B84D,22.99,62.88,LOW,13.45,29.99,24.21,0.0,0.0,15.0,3,TRADE|ROUTE|ENTITY,INC-8EB5B84D,RTE-8F0A4EBD,ACT-1DF99FFB,
INCIDENT,INC-C3E926DF,22.94,38.35,LOW,47.07,22.81,6.49,0.0,0.0,15.0,2,TRADE|ROUTE,INC-C3E926DF,RTE-A6BAB08D,ACT-40058B0F,
INCIDENT,INC-73CA5741,22.75,59.27,LOW,12.07,22.81,36.85,0.0,0.0,15.0,3,TRADE|ROUTE|ENTITY,INC-73CA5741,RTE-F2391A9E,ACT-239810D5,
INCIDENT,INC-83618E73,22.6,42.73,LOW,34.14,34.04,7.03,0.0,0.0,15.0,2,TRADE|ROUTE,INC-83618E73,RTE-05837773,ACT-1D992B5E,
INCIDENT,INC-1632354A,22.56,61.49,LOW,12.76,31.12,20.57,0.0,0.0,15.0,3,TRADE|ROUTE|ENTITY,INC-1632354A,RTE-BE75B5F4,ACT-898A30A1,
INCIDENT,INC-6DD32668,22.54,38.29,LOW,50.69,7.6,23.09,0.0,0.0,15.0,2,TRADE|ENTITY,INC-6DD32668,RTE-B5BE3EA8,ACT-ADB13586,
INCIDENT,INC-822AF71E,22.37,62.82,LOW,12.76,25.72,28.36,0.0,0.0,15.0,3,TRADE|ROUTE|ENTITY,INC-822AF71E,RTE-D5B7DEF5,ACT-9DC49715,
ACTOR,ACT-1D992B5E,22.35,41.16,LOW,28.57,42.61,7.03,0.0,0.0,5.0,2,TRADE|ROUTE,INC-515699A6|INC-83618E73|INC-BD24F6C5,RTE-BE75B5F4|RTE-05837773|RTE-01273A62,ACT-1D992B5E,
INCIDENT,INC-BF3E895A,22.34,58.58,LOW,11.38,21.87,36.85,0.0,0.0,15.0,3,TRADE|ROUTE|ENTITY,INC-BF3E895A,RTE-BFA90C2B,ACT-239810D5,
INCIDENT,INC-7FD2287E,22.29,37.03,LOW,46.38,21.87,4.86,0.0,0.0,15.0,2,TRADE|ROUTE,INC-7FD2287E,RTE-4B8AC9E4,ACT-CA6408EB,
INCIDENT,INC-075D65FD,22.18,63.2,LOW,12.76,27.4,24.29,0.0,0.0,15.0,3,TRADE|ROUTE|ENTITY,INC-075D65FD,RTE-F534A60F,ACT-71CD333C,
INCIDENT,INC-5A9D0819,22.16,62.32,LOW,25.69,12.05,28.19,0.0,0.0,15.0,3,TRADE|ROUTE|ENTITY,INC-5A9D0819,RTE-50CAC933,ACT-F73F1F34,
INCIDENT,INC-976F24FE,22.11,60.92,LOW,30.69,12.05,19.5,0.0,0.0,15.0,3,TRADE|ROUTE|ENTITY,INC-976F24FE,RTE-50CAC933,ACT-61CA522C,
INCIDENT,INC-7D4B283E,21.98,42.48,LOW,32.76,33.27,6.49,0.0,0.0,15.0,2,TRADE|ROUTE,INC-7D4B283E,RTE-12678A58,ACT-40058B0F,
INCIDENT,INC-FE1AB35A,21.92,61.45,LOW,13.45,29.99,17.1,0.0,0.0,15.0,3,TRADE|ROUTE|ENTITY,INC-FE1AB35A,RTE-8F0A4EBD,ACT-74B10513,
INCIDENT,INC-0AA68A2E,21.92,44.91,LOW,32.76,27.4,9.19,0.0,0.0,25.0,2,TRADE|ROUTE,INC-0AA68A2E,RTE-F534A60F,ACT-DD3ED62E,
ACTOR,ACT-34C1CDB5,21.84,68.44,LOW,16.48,21.87,18.31,0.0,0.0,25.0,3,TRADE|ROUTE|ENTITY,INC-F1B64D6B|INC-9C66862F,RTE-EA4FA88B|RTE-15AFBAC8,ACT-34C1CDB5,
INCIDENT,INC-87E0247E,21.81,63.62,LOW,12.76,26.0,24.16,0.0,0.0,15.0,3,TRADE|ROUTE|ENTITY,INC-87E0247E,RTE-674B55E3,ACT-F20CA79B,
INCIDENT,INC-0F37ED1D,21.75,64.7,LOW,26.38,17.43,15.32,0.0,0.0,15.0,3,TRADE|ROUTE|ENTITY,INC-0F37ED1D,RTE-D769322C,ACT-1D7B2448,
ACTOR,ACT-F702EB53,21.62,40.49,LOW,34.77,35.12,4.32,0.0,0.0,5.0,2,TRADE|ROUTE,INC-A03A3F0C|INC-6FDD3514|INC-910E86C3,RTE-4B8AC9E4|RTE-F2391A9E|RTE-5CFE009F,ACT-F702EB53,
INCIDENT,INC-F9BF0F1F,21.54,63.85,LOW,12.76,25.72,22.8,0.0,0.0,15.0,3,TRADE|ROUTE|ENTITY,INC-F9BF0F1F,RTE-D5B7DEF5,ACT-451B57E0,
INCIDENT,INC-515699A6,21.52,43.07,LOW,32.76,31.12,7.03,0.0,0.0,15.0,2,TRADE|ROUTE,INC-515699A6,RTE-BE75B5F4,ACT-1D992B5E,
ACTOR,ACT-0137B6D6,21.51,39.92,LOW,30.09,39.36,4.32,0.0,0.0,5.0,2,TRADE|ROUTE,INC-63DF534D|INC-B640A155,RTE-DD5236CF|RTE-05837773,ACT-0137B6D6,
INCIDENT,INC-E8023570,21.33,42.58,LOW,33.45,29.99,6.49,0.0,0.0,15.0,2,TRADE|ROUTE,INC-E8023570,RTE-8F0A4EBD,ACT-40058B0F,
INCIDENT,INC-15FBD001,21.33,34.0,LOW,46.38,19.65,2.16,0.0,0.0,15.0,2,TRADE|ROUTE,INC-15FBD001,RTE-A9A64DEE,ACT-DB3AAE2B,
ROUTE,RTE-E316C151,21.31,66.22,LOW,13.53,21.87,19.71,0.0,0.0,25.0,3,TRADE|ROUTE|ENTITY,INC-A1D80761|INC-B5390996|INC-71BCD2C8,RTE-E316C151,ACT-B49444A6|ACT-001930AF|ACT-01EA26A9,
ACTOR,ACT-4DBAB638,21.22,14.0,LOW,6.38,68.6,6.49,0.0,0.0,15.0,1,ROUTE,INC-1E7A6C43|INC-6FD8D1E2,RTE-FDDFEF85|RTE-32F0E94F,ACT-4DBAB638,
INCIDENT,INC-5F1EE080,20.95,41.18,LOW,30.69,7.6,45.88,0.0,0.0,15.0,2,TRADE|ENTITY,INC-5F1EE080,RTE-83C30583,ACT-F70E04EC,
ACTOR,ACT-4A810E54,20.92,66.97,LOW,15.0,22.81,19.8,0.0,0.0,15.0,3,TRADE|ROUTE|ENTITY,INC-A50D090A,RTE-6502C0EF,ACT-4A810E54,
INCIDENT,INC-DF24931D,20.67,63.34,LOW,12.07,25.31,18.81,0.0,0.0,15.0,3,TRADE|ROUTE|ENTITY,INC-DF24931D,RTE-526A517F,ACT-F134FC9B,
INCIDENT,INC-4E39810E,20.61,41.3,LOW,32.76,28.75,4.86,0.0,0.0,15.0,2,TRADE|ROUTE,INC-4E39810E,RTE-4424DBF1,ACT-CA6408EB,
INCIDENT,INC-0B663344,20.61,64.15,LOW,12.07,22.81,22.61,0.0,0.0,15.0,3,TRADE|ROUTE|ENTITY,INC-0B663344,RTE-837DA83F,ACT-B1A0AF66,
INCIDENT,INC-BF08DBB6,20.6,63.4,LOW,12.76,25.44,16.98,0.0,0.0,15.0,3,TRADE|ROUTE|ENTITY,INC-BF08DBB6,RTE-5CFE009F,ACT-802FEC44,
INCIDENT,INC-FD151C94,20.49,40.72,LOW,30.69,5.38,39.85,0.0,0.0,25.0,2,TRADE|ENTITY,INC-FD151C94,RTE-68716855,ACT-EBD0B65D,
INCIDENT,INC-A6C53A45,20.42,34.76,LOW,20.69,5.38,55.99,0.0,0.0,25.0,2,TRADE|ENTITY,INC-A6C53A45,RTE-CB7E8B4C,ACT-DUP-0002,
INCIDENT,INC-B9EF0A14,20.4,39.66,LOW,30.69,5.38,45.88,0.0,0.0,15.0,2,TRADE|ENTITY,INC-B9EF0A14,RTE-7C3E668E,ACT-F70E04EC,
INCIDENT,INC-5F2253A2,20.39,64.42,LOW,12.07,22.81,21.12,0.0,0.0,15.0,3,TRADE|ROUTE|ENTITY,INC-5F2253A2,RTE-15E430E6,ACT-C246476B,
INCIDENT,INC-43B2CB9A,20.24,39.72,LOW,27.76,33.27,3.24,0.0,0.0,15.0,2,TRADE|ROUTE,INC-43B2CB9A,RTE-12678A58,ACT-525CFB31,
INCIDENT,INC-15999B13,20.19,44.9,LOW,31.38,21.87,9.19,0.0,0.0,25.0,2,TRADE|ROUTE,INC-15999B13,RTE-842CC51F,ACT-480A6546,
INCIDENT,INC-4CF654A6,20.05,38.65,LOW,33.45,27.46,2.16,0.0,0.0,15.0,2,TRADE|ROUTE,INC-4CF654A6,RTE-EF6F0110,ACT-4B53C901,
INCIDENT,INC-5A1F8BFD,19.95,39.12,LOW,27.76,28.75,2.16,0.0,0.0,25.0,2,TRADE|ROUTE,INC-5A1F8BFD,RTE-4424DBF1,ACT-D4295B58,
ACTOR,ACT-ADF3339E,19.85,39.78,LOW,33.47,30.0,3.24,0.0,0.0,5.0,2,TRADE|ROUTE,INC-5BEA51F2|INC-2992C5A5|INC-0D75271F,RTE-657F736F|RTE-01273A62|RTE-A6BAB08D,ACT-ADF3339E,
ACTOR,ACT-A9210483,19.82,56.29,LOW,0.0,36.63,41.05,0.0,0.0,15.0,2,ROUTE|ENTITY,INC-C331EBE5,RTE-C3C4BB2E,ACT-A9210483,
INCIDENT,INC-9C8F005B,19.76,64.37,LOW,12.07,22.81,16.94,0.0,0.0,15.0,3,TRADE|ROUTE|ENTITY,INC-9C8F005B,RTE-6502C0EF,ACT-F513E9F2,
INCIDENT,INC-A03A3F0C,19.7,40.65,LOW,32.76,25.44,4.32,0.0,0.0,15.0,2,TRADE|ROUTE,INC-A03A3F0C,RTE-5CFE009F,ACT-F702EB53,
INCIDENT,INC-D24AB0E3,19.68,39.67,LOW,32.76,26.0,3.24,0.0,0.0,15.0,2,TRADE|ROUTE,INC-D24AB0E3,RTE-674B55E3,ACT-C48421F9,
INCIDENT,INC-2826EA19,19.65,64.2,LOW,12.07,22.81,16.17,0.0,0.0,15.0,3,TRADE|ROUTE|ENTITY,INC-2826EA19,RTE-BEF74FCD,ACT-7187AEBF,
ROUTE,RTE-5A7B190F,19.58,28.0,LOW,10.93,7.6,2.97,60.0,0.0,25.0,2,TRADE|LINGUISTIC,INC-512A9B14|INC-13B7BC4E,RTE-5A7B190F,ACT-D4295B58|ACT-99F0286C,
INCIDENT,INC-6F249708,19.4,31.55,LOW,40.69,14.27,1.08,0.0,0.0,25.0,2,TRADE|ROUTE,INC-6F249708,RTE-9EC78713,ACT-01EA26A9,
ACTOR,ACT-C48421F9,19.34,39.91,LOW,26.12,31.31,3.24,0.0,0.0,15.0,2,TRADE|ROUTE,INC-D24AB0E3|INC-55173AC1,RTE-837DA83F|RTE-674B55E3,ACT-C48421F9,
INCIDENT,INC-255C0F50,19.32,64.28,LOW,11.38,21.87,16.68,0.0,0.0,15.0,3,TRADE|ROUTE|ENTITY,INC-255C0F50,RTE-BFA90C2B,ACT-8AF11CFA,
INCIDENT,INC-05AA8387,19.29,63.27,LOW,11.38,17.43,23.9,0.0,0.0,15.0,3,TRADE|ROUTE|ENTITY,INC-05AA8387,RTE-D769322C,ACT-2D0BDD94,
ACTOR,ACT-99F0286C,19.14,36.35,LOW,17.4,38.88,3.78,0.0,0.0,15.0,2,TRADE|ROUTE,INC-C1488574|INC-512A9B14,RTE-5A7B190F|RTE-22651175,ACT-99F0286C,
INCIDENT,INC-1E296D61,19.13,41.34,LOW,28.45,27.46,4.32,0.0,0.0,15.0,2,TRADE|ROUTE,INC-1E296D61,RTE-EF6F0110,ACT-28E1066F,
INCIDENT,INC-F1B64D6B,19.0,65.39,LOW,11.38,19.65,18.31,0.0,0.0,15.0,3,TRADE|ROUTE|ENTITY,INC-F1B64D6B,RTE-EA4FA88B,ACT-34C1CDB5,
ACTOR,ACT-1D7B2448,18.91,69.97,LOW,15.0,17.43,15.32,0.0,0.0,15.0,3,TRADE|ROUTE|ENTITY,INC-0F37ED1D,RTE-D769322C,ACT-1D7B2448,
INCIDENT,INC-910E86C3,18.87,40.47,LOW,32.07,22.81,4.32,0.0,0.0,15.0,2,TRADE|ROUTE,INC-910E86C3,RTE-F2391A9E,ACT-F702EB53,
INCIDENT,INC-5ECD4F9B,18.79,42.55,LOW,31.38,21.87,6.49,0.0,0.0,15.0,2,TRADE|ROUTE,INC-5ECD4F9B,RTE-BFA90C2B,ACT-40058B0F,
INCIDENT,INC-F8517BB9,18.77,43.63,LOW,27.76,25.44,6.49,0.0,0.0,15.0,2,TRADE|ROUTE,INC-F8517BB9,RTE-5CFE009F,ACT-8D60BEB9,
INCIDENT,INC-2992C5A5,18.71,39.39,LOW,32.07,22.81,3.24,0.0,0.0,15.0,2,TRADE|ROUTE,INC-2992C5A5,RTE-A6BAB08D,ACT-ADF3339E,
INCIDENT,INC-82D04226,18.54,65.85,LOW,11.38,17.43,18.92,0.0,0.0,15.0,3,TRADE|ROUTE|ENTITY,INC-82D04226,RTE-3BE0D749,ACT-2AF63B3F,
INCIDENT,INC-42FE4868,18.54,38.28,LOW,32.07,22.81,2.16,0.0,0.0,15.0,2,TRADE|ROUTE,INC-42FE4868,RTE-B4DC47C9,ACT-DB3AAE2B,
INCIDENT,INC-6FDD3514,18.46,40.48,LOW,31.38,21.87,4.32,0.0,0.0,15.0,2,TRADE|ROUTE,INC-6FDD3514,RTE-4B8AC9E4,ACT-F702EB53,
INCIDENT,INC-A5B18D16,18.42,43.1,LOW,20.0,0.0,59.49,0.0,0.0,15.0,2,TRADE|ENTITY,INC-A5B18D16,RTE-B4CA579B,ACT-DUP-0006,
ACTOR,ACT-A647D8DE,18.35,38.34,LOW,19.14,30.62,2.7,0.0,0.0,25.0,2,TRADE|ROUTE,INC-728F0959|INC-D6C72864,RTE-4424DBF1|RTE-5B12885C,ACT-A647D8DE,
INCIDENT,INC-C1488574,18.26,35.35,LOW,14.83,37.95,3.78,0.0,0.0,15.0,2,TRADE|ROUTE,INC-C1488574,RTE-22651175,ACT-99F0286C,
INCIDENT,INC-A23E05D2,18.24,66.6,LOW,11.38,17.43,16.94,0.0,0.0,15.0,3,TRADE|ROUTE|ENTITY,INC-A23E05D2,RTE-3BE0D749,ACT-F513E9F2,
ACTOR,ACT-BDA5B9AD,18.22,34.92,LOW,15.0,37.95,3.24,0.0,0.0,15.0,2,TRADE|ROUTE,INC-00274222,RTE-22651175,ACT-BDA5B9AD,
INCIDENT,INC-66FE58C2,18.12,43.2,LOW,25.69,7.6,8.65,20.0,0.0,25.0,2,TRADE|LINGUISTIC,INC-66FE58C2,RTE-83C30583,ACT-95A4317F,
ACTOR,ACT-01EA26A9,17.99,37.97,LOW,26.51,22.81,1.08,0.0,0.0,25.0,2,TRADE|ROUTE,INC-6F249708|INC-71BCD2C8,RTE-E316C151|RTE-9EC78713,ACT-01EA26A9,
INCIDENT,INC-CD369185,17.75,42.05,LOW,30.69,5.38,28.21,0.0,0.0,15.0,2,TRADE|ENTITY,INC-CD369185,RTE-7C3E668E,ACT-D404B1E6,
INCIDENT,INC-63DF534D,17.62,41.61,LOW,27.07,22.81,4.32,0.0,0.0,15.0,2,TRADE|ROUTE,INC-63DF534D,RTE-DD5236CF,ACT-0137B6D6,
INCIDENT,INC-7A465F5A,17.45,46.26,LOW,21.38,21.87,7.57,0.0,0.0,25.0,2,TRADE|ROUTE,INC-7A465F5A,RTE-E5F5E120,ACT-6890BAC6,
INCIDENT,INC-BFB5BBA3,17.34,35.82,LOW,31.38,19.65,0.54,0.0,0.0,15.0,2,TRADE|ROUTE,INC-BFB5BBA3,RTE-A9A64DEE,ACT-1B6D6C5C,
INCIDENT,INC-E2003313,17.21,38.55,LOW,27.07,22.81,1.62,0.0,0.0,15.0,2,TRADE|ROUTE,INC-E2003313,RTE-837DA83F,ACT-93684B5D,
INCIDENT,INC-B640A155,17.19,36.81,LOW,14.14,34.04,4.32,0.0,0.0,15.0,2,TRADE|ROUTE,INC-B640A155,RTE-05837773,ACT-0137B6D6,
ACTOR,ACT-D4295B58,17.19,38.86,LOW,23.77,29.69,2.16,0.0,0.0,5.0,2,TRADE|ROUTE,INC-13B7BC4E|INC-5A1F8BFD,RTE-5A7B190F|RTE-4424DBF1,ACT-D4295B58,
INCIDENT,INC-C431ADBC,17.06,43.42,LOW,30.69,7.6,19.94,0.0,0.0,15.0,2,TRADE|ENTITY,INC-C431ADBC,RTE-857F6451,ACT-EB994163,
INCIDENT,INC-B8872C0C,16.96,42.57,LOW,21.38,21.87,4.32,0.0,0.0,25.0,2,TRADE|ROUTE,INC-B8872C0C,RTE-E5F5E120,ACT-A9F1176D,
ACTOR,ACT-2DA4F2E3,16.85,53.65,LOW,0.0,27.4,36.68,0.0,0.0,15.0,2,ROUTE|ENTITY,INC-8FBA0CAB,RTE-F534A60F,ACT-2DA4F2E3,
ACTOR,ACT-6AB623B4,16.78,20.11,LOW,0.0,57.25,6.49,0.0,0.0,15.0,1,ROUTE,INC-BFF12B37,RTE-5A090E6C,ACT-6AB623B4,
ACTOR,ACT-28E1066F,16.37,36.11,LOW,13.65,35.22,4.32,0.0,0.0,5.0,2,TRADE|ROUTE,INC-1E296D61|INC-1CDD4560,RTE-4424DBF1|RTE-EF6F0110,ACT-28E1066F,
ROUTE,RTE-15AFBAC8,16.25,42.03,LOW,0.0,0.0,18.31,60.0,0.0,15.0,2,ENTITY|LINGUISTIC,INC-9C66862F,RTE-15AFBAC8,ACT-34C1CDB5,
ACTOR,ACT-20D0E245,16.01,50.19,LOW,0.0,34.04,19.97,0.0,0.0,15.0,2,ROUTE|ENTITY,INC-60A75744,RTE-05837773,ACT-20D0E245,
ACTOR,ACT-93684B5D,15.75,38.14,LOW,16.27,23.75,1.62,0.0,0.0,25.0,2,TRADE|ROUTE,INC-E2003313|INC-C080047C,RTE-837DA83F|RTE-CB7E8B4C,ACT-93684B5D,
INCIDENT,INC-1CDD4560,15.53,38.11,LOW,12.76,28.75,4.32,0.0,0.0,15.0,2,TRADE|ROUTE,INC-1CDD4560,RTE-4424DBF1,ACT-28E1066F,
INCIDENT,INC-728F0959,15.28,36.17,LOW,12.76,28.75,2.7,0.0,0.0,15.0,2,TRADE|ROUTE,INC-728F0959,RTE-4424DBF1,ACT-A647D8DE,
ACTOR,ACT-DB3AAE2B,15.07,39.39,LOW,20.28,24.69,2.16,0.0,0.0,5.0,2,TRADE|ROUTE,INC-42FE4868|INC-15FBD001,RTE-B4DC47C9|RTE-A9A64DEE,ACT-DB3AAE2B,
INCIDENT,INC-0BE00279,15.05,36.38,LOW,13.45,27.46,2.16,0.0,0.0,15.0,2,TRADE|ROUTE,INC-0BE00279,RTE-EF6F0110,ACT-D2CB78D6,
ACTOR,ACT-71CD333C,14.99,56.19,LOW,0.0,27.4,24.29,0.0,0.0,15.0,2,ROUTE|ENTITY,INC-075D65FD,RTE-F534A60F,ACT-71CD333C,
INCIDENT,INC-AF82125B,14.7,21.91,LOW,35.69,7.6,9.19,0.0,0.0,25.0,1,TRADE,INC-AF82125B,RTE-C146AD8A,ACT-480A6546,
ACTOR,ACT-F20CA79B,14.62,56.9,LOW,0.0,26.0,24.16,0.0,0.0,15.0,2,ROUTE|ENTITY,INC-87E0247E,RTE-674B55E3,ACT-F20CA79B,
ACTOR,ACT-74B10513,14.56,49.79,LOW,0.0,29.99,17.1,0.0,0.0,15.0,2,ROUTE|ENTITY,INC-FE1AB35A,RTE-8F0A4EBD,ACT-74B10513,
INCIDENT,INC-6FD8D1E2,14.41,41.92,LOW,11.38,24.37,6.49,0.0,0.0,15.0,2,TRADE|ROUTE,INC-6FD8D1E2,RTE-FDDFEF85,ACT-4DBAB638,
INCIDENT,INC-0CED375A,14.38,35.8,LOW,12.07,22.81,1.08,0.0,0.0,25.0,2,TRADE|ROUTE,INC-0CED375A,RTE-6502C0EF,ACT-020A968E,
INCIDENT,INC-741D3958,14.16,47.86,LOW,15.69,7.6,18.92,0.0,0.0,25.0,2,TRADE|ENTITY,INC-741D3958,RTE-C146AD8A,ACT-2AF63B3F,
INCIDENT,INC-8F5F24D4,14.1,36.3,LOW,12.76,24.69,1.62,0.0,0.0,15.0,2,TRADE|ROUTE,INC-8F5F24D4,RTE-01273A62,ACT-76F7BDE8,
INCIDENT,INC-503191E9,14.01,34.82,LOW,12.07,25.31,1.08,0.0,0.0,15.0,2,TRADE|ROUTE,INC-503191E9,RTE-EFEFC83E,ACT-2BB3216C,
INCIDENT,INC-55173AC1,13.71,39.11,LOW,12.07,22.81,3.24,0.0,0.0,15.0,2,TRADE|ROUTE,INC-55173AC1,RTE-837DA83F,ACT-C48421F9,
INCIDENT,INC-5ED074E5,13.71,39.11,LOW,12.07,22.81,3.24,0.0,0.0,15.0,2,TRADE|ROUTE,INC-5ED074E5,RTE-6502C0EF,ACT-525CFB31,
ACTOR,ACT-F134FC9B,13.65,53.58,LOW,0.0,25.31,18.81,0.0,0.0,15.0,2,ROUTE|ENTITY,INC-DF24931D,RTE-526A517F,ACT-F134FC9B,
ACTOR,ACT-6C6CC66E,13.39,51.37,LOW,0.0,25.72,16.41,0.0,0.0,15.0,2,ROUTE|ENTITY,INC-4832DCE1,RTE-D5B7DEF5,ACT-6C6CC66E,
INCIDENT,INC-023A4B6B,13.37,18.15,LOW,35.69,9.83,3.24,0.0,0.0,15.0,1,TRADE,INC-023A4B6B,RTE-367D804C,ACT-A05EB96B,
ACTOR,ACT-C246476B,13.37,56.85,LOW,0.0,22.81,21.12,0.0,0.0,15.0,2,ROUTE|ENTITY,INC-5F2253A2,RTE-15E430E6,ACT-C246476B,
INCIDENT,INC-D6C72864,13.22,38.38,LOW,11.38,21.87,2.7,0.0,0.0,15.0,2,TRADE|ROUTE,INC-D6C72864,RTE-5B12885C,ACT-A647D8DE,
INCIDENT,INC-71BCD2C8,12.98,35.75,LOW,11.38,21.87,1.08,0.0,0.0,15.0,2,TRADE|ROUTE,INC-71BCD2C8,RTE-E316C151,ACT-01EA26A9,
INCIDENT,INC-C462BE8D,12.89,34.8,LOW,11.38,21.87,0.54,0.0,0.0,15.0,2,TRADE|ROUTE,INC-C462BE8D,RTE-4B8AC9E4,ACT-6E321CE4,
INCIDENT,INC-10F98BB7,12.75,38.18,LOW,10.69,5.38,28.19,0.0,0.0,15.0,2,TRADE|ENTITY,INC-10F98BB7,RTE-A842284A,ACT-F73F1F34,
ACTOR,ACT-7187AEBF,12.63,52.89,LOW,0.0,22.81,16.17,0.0,0.0,15.0,2,ROUTE|ENTITY,INC-2826EA19,RTE-BEF74FCD,ACT-7187AEBF,
INCIDENT,INC-E1E1AE41,12.62,48.05,LOW,10.69,7.6,16.98,0.0,0.0,25.0,2,TRADE|ENTITY,INC-E1E1AE41,RTE-378A7DE2,ACT-802FEC44,
INCIDENT,INC-9E823210,11.78,36.57,LOW,11.38,17.43,0.54,0.0,0.0,15.0,2,TRADE|ROUTE,INC-9E823210,RTE-3BE0D749,ACT-DBBBE5BC,
ROUTE,RTE-657F736F,11.54,14.0,LOW,0.0,2.22,3.24,60.0,0.0,15.0,1,LINGUISTIC,INC-5BEA51F2,RTE-657F736F,ACT-ADF3339E,
INCIDENT,INC-E68D0BDF,10.74,14.0,LOW,0.69,9.83,44.07,0.0,0.0,15.0,1,ENTITY,INC-E68D0BDF,RTE-367D804C,ACT-0E08ABDD,
INCIDENT,INC-CE3FC3E6,9.27,24.39,LOW,25.69,5.38,0.0,0.0,0.0,15.0,1,TRADE,INC-CE3FC3E6,RTE-A842284A,ACT-7A15D23A,
ROUTE,RTE-B7844562,9.0,29.0,LOW,0.0,0.0,0.0,60.0,0.0,0.0,1,LINGUISTIC,,RTE-B7844562,,
ACTOR,ACT-4B53C901,8.69,18.38,LOW,0.0,27.46,2.16,0.0,0.0,15.0,1,ROUTE,INC-4CF654A6,RTE-EF6F0110,ACT-4B53C901,
ACTOR,ACT-D2CB78D6,8.69,18.38,LOW,0.0,27.46,2.16,0.0,0.0,15.0,1,ROUTE,INC-0BE00279,RTE-EF6F0110,ACT-D2CB78D6,
ACTOR,ACT-020A968E,8.37,16.71,LOW,0.0,22.81,1.08,0.0,0.0,25.0,1,ROUTE,INC-0CED375A,RTE-6502C0EF,ACT-020A968E,
ACTOR,ACT-2BB3216C,7.99,16.46,LOW,0.0,25.31,1.08,0.0,0.0,15.0,1,ROUTE,INC-503191E9,RTE-EFEFC83E,ACT-2BB3216C,
ACTOR,ACT-76F7BDE8,7.91,17.7,LOW,0.0,24.69,1.62,0.0,0.0,15.0,1,ROUTE,INC-8F5F24D4,RTE-01273A62,ACT-76F7BDE8,
INCIDENT,INC-5BEA51F2,7.54,15.19,LOW,20.0,2.22,3.24,0.0,0.0,15.0,1,TRADE,INC-5BEA51F2,RTE-657F736F,ACT-ADF3339E,
ACTOR,ACT-6E321CE4,7.05,15.45,LOW,0.0,21.87,0.54,0.0,0.0,15.0,1,ROUTE,INC-C462BE8D,RTE-4B8AC9E4,ACT-6E321CE4,
INCIDENT,INC-512A9B14,6.64,32.49,LOW,10.69,7.6,3.78,0.0,0.0,15.0,1,TRADE,INC-512A9B14,RTE-5A7B190F,ACT-99F0286C,
ACTOR,ACT-7A15D23A,6.6,29.84,LOW,15.0,5.38,0.0,0.0,0.0,15.0,1,TRADE,INC-CE3FC3E6,RTE-A842284A,ACT-7A15D23A,
ACTOR,ACT-1B6D6C5C,6.49,15.61,LOW,0.0,19.65,0.54,0.0,0.0,15.0,1,ROUTE,INC-BFB5BBA3,RTE-A9A64DEE,ACT-1B6D6C5C,
INCIDENT,INC-13B7BC4E,6.4,28.49,LOW,10.69,7.6,2.16,0.0,0.0,15.0,1,TRADE,INC-13B7BC4E,RTE-5A7B190F,ACT-D4295B58,
ACTOR,ACT-DBBBE5BC,5.94,15.8,LOW,0.0,17.43,0.54,0.0,0.0,15.0,1,ROUTE,INC-9E823210,RTE-3BE0D749,ACT-DBBBE5BC,
INCIDENT,INC-1C5B91BF,5.52,34.09,LOW,10.69,5.38,0.0,0.0,0.0,15.0,1,TRADE,INC-1C5B91BF,RTE-68716855,ACT-4C5661F3,
INCIDENT,INC-9C66862F,4.25,29.0,LOW,0.0,0.0,18.31,0.0,0.0,15.0,1,ENTITY,INC-9C66862F,RTE-15AFBAC8,ACT-34C1CDB5,
INCIDENT,INC-C080047C,3.26,6.27,LOW,0.69,5.38,1.62,0.0,0.0,15.0,0,,INC-C080047C,RTE-CB7E8B4C,ACT-93684B5D,
ACTOR,ACT-3EC2CAB2,3.2,29.0,LOW,0.0,0.0,21.34,0.0,0.0,0.0,1,ENTITY,,,ACT-3EC2CAB2,
ACTOR,ACT-8A3A138F,3.04,29.0,LOW,0.0,0.0,20.28,0.0,0.0,0.0,1,ENTITY,,,ACT-8A3A138F,
ACTOR,ACT-3B25DA0A,3.0,29.0,LOW,0.0,0.0,19.99,0.0,0.0,0.0,1,ENTITY,,,ACT-3B25DA0A,
ACTOR,ACT-4C5661F3,2.85,15.0,LOW,0.0,5.38,0.0,0.0,0.0,15.0,0,,INC-1C5B91BF,RTE-68716855,ACT-4C5661F3,
ACTOR,ACT-FDE9DAFE,2.62,29.0,LOW,0.0,0.0,17.49,0.0,0.0,0.0,1,ENTITY,,,ACT-FDE9DAFE,
ACTOR,ACT-CAA8911E,2.37,29.0,LOW,0.0,0.0,15.81,0.0,0.0,0.0,1,ENTITY,,,ACT-CAA8911E,
ACTOR,ACT-D4BFC62A,2.27,29.0,LOW,0.0,0.0,15.14,0.0,0.0,0.0,1,ENTITY,,,ACT-D4BFC62A,
ACTOR,ACT-0270A250,2.27,29.0,LOW,0.0,0.0,15.15,0.0,0.0,0.0,1,ENTITY,,,ACT-0270A250,
ACTOR,ACT-9A97A853,2.22,29.0,LOW,0.0,0.0,14.82,0.0,0.0,0.0,1,ENTITY,,,ACT-9A97A853,
ACTOR,ACT-B62E0FB9,2.2,29.0,LOW,0.0,0.0,14.64,0.0,0.0,0.0,1,ENTITY,,,ACT-B62E0FB9,
ACTOR,ACT-3FD962A7,2.18,29.0,LOW,0.0,0.0,14.51,0.0,0.0,0.0,1,ENTITY,,,ACT-3FD962A7,
ACTOR,ACT-BEF7869A,2.17,29.0,LOW,0.0,0.0,14.5,0.0,0.0,0.0,1,ENTITY,,,ACT-BEF7869A,
ACTOR,ACT-F0092B27,0.0,0.0,LOW,0.0,0.0,0.0,0.0,0.0,0.0,0,,,,ACT-F0092B27,
ACTOR,ACT-A8B80500,0.0,0.0,LOW,0.0,0.0,0.0,0.0,0.0,0.0,0,,,,ACT-A8B80500,
ACTOR,ACT-F8FB00AA,0.0,0.0,LOW,0.0,0.0,0.0,0.0,0.0,0.0,0,,,,ACT-F8FB00AA,
ACTOR,ACT-024E3B6A,0.0,0.0,LOW,0.0,0.0,0.0,0.0,0.0,0.0,0,,,,ACT-024E3B6A,
ACTOR,ACT-9FA63766,0.0,0.0,LOW,0.0,0.0,0.0,0.0,0.0,0.0,0,,,,ACT-9FA63766,
ACTOR,ACT-8F24BB27,0.0,0.0,LOW,0.0,0.0,0.0,0.0,0.0,0.0,0,,,,ACT-8F24BB27,
ACTOR,ACT-C8A0BC45,0.0,0.0,LOW,0.0,0.0,0.0,0.0,0.0,0.0,0,,,,ACT-C8A0BC45,
ACTOR,ACT-0DD6E664,0.0,0.0,LOW,0.0,0.0,0.0,0.0,0.0,0.0,0,,,,ACT-0DD6E664,
ACTOR,ACT-54264291,0.0,0.0,LOW,0.0,0.0,0.0,0.0,0.0,0.0,0,,,,ACT-54264291,
