shipment_id,incident_id,actor_id,vehicle_id,transport_type,departure_date,arrival_date,shipment_weight,status
SHP-96435D83,INC-1C5B91BF,ACT-6C6CC66E,VEH-B4220363,Road,2024-01-04,2024-02-02,35.65,In Transit
SHP-DE4B5474,INC-0EC4B271,ACT-8AF11CFA,VEH-D1F669CE,Road,2024-01-05,2024-01-16,30.3,Delivered
SHP-74A5F0C1,INC-73CA5741,ACT-99F0286C,VEH-F57142D5,Sea Freight,2024-01-10,2024-01-18,75.73,Delivered
SHP-42C4BEC1,INC-5A9D0819,ACT-EB994163,VEH-0051BCB6,Road,2024-01-13,2024-01-24,25.5,Delayed
SHP-6CF2ABAD,INC-E68D0BDF,ACT-ADB13586,VEH-46969AFB,Rail,2024-01-22,2024-03-05,42.13,Intercepted
SHP-42B8D449,INC-5E8DF0E8,ACT-BEF7869A,VEH-B9296496,Mixed,2024-01-24,2024-02-23,44.24,Delivered
SHP-BAEB165D,INC-15999B13,ACT-D404B1E6,VEH-CF6FE00C,Road,2024-01-30,2024-03-10,18.15,Intercepted
SHP-EC22AD55,INC-CC3301EE,ACT-2AF63B3F,VEH-AA99CADF,Air Cargo,2024-02-08,2024-03-01,80.87,Delayed
SHP-CEEBF801,INC-F3B15553,ACT-F134FC9B,VEH-58A0266E,Road,2024-02-10,2024-03-21,28.29,Intercepted
SHP-CE318B37,INC-0D9BA78C,ACT-516B220E,VEH-8E8C7BFC,Rail,2024-02-14,2024-03-20,16.77,Delivered
SHP-D5AABC11,INC-A23E05D2,ACT-71CD333C,VEH-7815991E,Rail,2024-02-14,2024-02-28,53.67,Delivered
SHP-23ADFF82,INC-CFDECC5B,ACT-0DD6E664,VEH-42F5939A,Road,2024-02-20,2024-03-26,14.75,In Transit
SHP-1EE9C546,INC-8FBA0CAB,ACT-024E3B6A,VEH-6EC350B3,Road,2024-02-27,2024-04-09,33.97,Delivered
SHP-3A949193,INC-5ED074E5,ACT-DBBBE5BC,VEH-CF6FE00C,Sea Freight,2024-03-08,2024-03-26,32.84,Delivered
SHP-E616E830,INC-01D7FC4F,ACT-DUP-0007,VEH-0051BCB6,Sea Freight,2024-03-11,2024-03-26,88.0,Intercepted
SHP-019B6CE3,INC-A8C18B51,ACT-130BC3BE,VEH-CA86CAF6,Rail,2024-03-20,2024-05-01,50.77,Delivered
SHP-7E40A6A5,INC-6DD32668,ACT-9150A102,VEH-D1F669CE,Rail,2024-03-22,2024-04-03,32.38,Delayed
SHP-1A953FFD,INC-0900EA33,ACT-0E08ABDD,VEH-46969AFB,Mixed,2024-03-25,2024-05-04,69.13,In Transit
SHP-8E1810B8,INC-1632354A,ACT-71CD333C,VEH-2B492B5D,Rail,2024-03-25,2024-04-09,115.72,Delayed
SHP-1786A93B,INC-A3DFB62E,ACT-2DA4F2E3,VEH-79A71B87,Mixed,2024-03-26,2024-05-05,54.71,Delivered
SHP-F93D8396,INC-C3E926DF,ACT-DUP-0009,VEH-BA81F106,Sea Freight,2024-03-28,2024-04-12,33.43,In Transit
SHP-96DFE8DE,INC-3B76D32D,ACT-525CFB31,VEH-E89C1A00,Air Cargo,2024-03-28,2024-05-07,10.17,Delivered
SHP-F5C3EBC0,INC-023A4B6B,ACT-4DBAB638,VEH-386D9F56,Mixed,2024-04-03,2024-04-30,12.7,Intercepted
SHP-476BF43E,INC-D24AB0E3,ACT-76F7BDE8,VEH-7769BEB2,Mixed,2024-04-08,2024-04-20,25.16,Intercepted
SHP-E2ACDF8E,INC-A50D090A,ACT-F0092B27,VEH-17A9FDFD,Mixed,2024-04-16,2024-05-01,19.13,Delivered
SHP-170E7FE1,INC-E8CE8DB8,ACT-ADB13586,VEH-3E4BA0D6,Air Cargo,2024-04-16,2024-05-30,27.99,Intercepted
SHP-A96B4615,INC-2DDB92C7,ACT-16E31CC7,VEH-B5D8E814,Sea Freight,2024-04-18,2024-05-31,34.85,In Transit
SHP-1908FEF6,INC-5B989C61,ACT-A7290540,VEH-89A02B74,Mixed,2024-04-20,2024-06-02,53.34,Delayed
SHP-30845996,INC-7EE564E7,ACT-024E3B6A,VEH-89A02B74,Road,2024-04-20,2024-04-28,31.08,Delayed
SHP-52C10382,INC-B0143C0C,ACT-8AF11CFA,VEH-B5D8E814,Road,2024-04-25,2024-05-17,51.31,Delayed
SHP-6CB9CADF,INC-F315480D,ACT-3B25DA0A,VEH-D1F669CE,Air Cargo,2024-04-26,2024-05-07,35.09,Delayed
SHP-22A387BD,INC-60CEEFAB,ACT-C48421F9,VEH-7DDE0FB2,Air Cargo,2024-04-26,2024-05-29,5.6,Intercepted
SHP-42394846,INC-2E6A776F,ACT-7494AE24,VEH-F57142D5,Road,2024-04-27,2024-06-11,14.22,Intercepted
SHP-FE3FC439,INC-519C9B4B,ACT-130BC3BE,VEH-0D3D5473,Mixed,2024-04-30,2024-06-01,29.09,In Transit
SHP-ED54ABEC,INC-D394A13C,ACT-54264291,VEH-0051BCB6,Sea Freight,2024-05-02,2024-05-29,11.15,Intercepted
SHP-2249ADC5,INC-01E8CFE1,ACT-866A9666,VEH-9A32A5BD,Sea Freight,2024-05-04,2024-06-08,56.82,In Transit
SHP-969333B1,INC-F1B64D6B,ACT-B1A0AF66,VEH-8C4716E8,Air Cargo,2024-05-05,2024-05-30,131.33,Delivered
SHP-A99E072C,INC-7A314C1F,ACT-7494AE24,VEH-CA86CAF6,Air Cargo,2024-05-06,2024-06-02,99.17,Delivered
SHP-F9F219EF,INC-6D25D6CE,ACT-54264291,VEH-B5D8E814,Rail,2024-05-12,2024-06-19,27.33,Intercepted
SHP-736FF9A4,INC-78F43FAB,ACT-F0092B27,VEH-F1AF1ECA,Rail,2024-05-16,2024-06-23,126.68,Delayed
SHP-69620EA9,INC-4832DCE1,ACT-A647D8DE,VEH-8E8C7BFC,Sea Freight,2024-05-20,2024-06-11,37.86,In Transit
SHP-FB87F03C,INC-1D3F2B36,ACT-DUP-0001,VEH-58A0266E,Road,2024-05-21,2024-06-15,24.45,In Transit
SHP-4CF1CE63,INC-BD1CBF34,ACT-1DF99FFB,VEH-BA81F106,Road,2024-05-21,2024-06-03,19.07,Intercepted
SHP-345CB30B,INC-3B7B78A7,ACT-451B57E0,VEH-CF6FE00C,Rail,2024-05-30,2024-07-01,25.22,In Transit
SHP-A846B1D9,INC-3ED8334F,ACT-4B53C901,VEH-6D08839D,Road,2024-06-02,2024-07-15,23.35,Intercepted
SHP-AEFF55A7,INC-C1488574,ACT-DUP-0010,VEH-8C4716E8,Rail,2024-06-04,2024-06-15,38.6,Intercepted
SHP-BA3089B2,INC-EA003C6C,ACT-5535B8FF,VEH-6989DB09,Rail,2024-06-05,2024-06-19,38.26,Intercepted
SHP-0BBF51D8,INC-6E06FEF9,ACT-EB994163,VEH-B5D8E814,Air Cargo,2024-06-08,2024-07-06,33.21,Delivered
SHP-49BB104A,INC-D7D8E05F,ACT-72D14581,VEH-CE1D2BF3,Mixed,2024-06-08,2024-07-23,49.07,In Transit
SHP-C4C76684,INC-146BDA30,ACT-6F081E40,VEH-46969AFB,Road,2024-06-17,2024-06-26,96.7,Delayed
SHP-42E38DD4,INC-1E296D61,ACT-74B10513,VEH-D7A1FC4E,Mixed,2024-06-25,2024-08-04,77.84,Delivered
SHP-5459D155,INC-4C54C68E,ACT-0DD6E664,VEH-B5D8E814,Air Cargo,2024-06-26,2024-07-23,8.7,Delayed
SHP-3F5543CA,INC-D8942366,ACT-6890BAC6,VEH-09A8C518,Mixed,2024-06-27,2024-07-23,3.33,Delayed
SHP-9394A857,INC-FD6591F7,ACT-DUP-0002,VEH-17A9FDFD,Sea Freight,2024-07-01,2024-08-13,76.78,Intercepted
SHP-7070B5DE,INC-1F9B79FA,ACT-A3B509D1,VEH-D1F669CE,Rail,2024-07-03,2024-07-31,9.68,Intercepted
SHP-9A086720,INC-B7B4001A,ACT-DUP-0002,VEH-F1AF1ECA,Road,2024-07-06,2024-07-14,27.05,Delivered
SHP-DAB587CD,INC-BBF6FF7D,ACT-DUP-0003,VEH-3E4BA0D6,Air Cargo,2024-07-08,2024-07-18,11.55,Delayed
SHP-B9E8CF7F,INC-E2003313,ACT-1D7B2448,VEH-9A32A5BD,Mixed,2024-07-08,2024-07-24,6.54,In Transit
SHP-555C82F6,INC-F16B3BA6,ACT-99F0286C,VEH-42F5939A,Road,2024-07-12,2024-07-31,53.91,Delayed
SHP-A40B4E45,INC-C678EEF3,ACT-46D85523,VEH-3B9C1DE1,Rail,2024-07-15,2024-07-31,65.58,Delayed
SHP-AB129627,INC-5BEA51F2,ACT-A7290540,VEH-7815991E,Mixed,2024-07-19,2024-07-29,19.71,Intercepted
SHP-36251B83,INC-C431ADBC,ACT-83FE0258,VEH-3DBDDEB8,Road,2024-07-24,2024-08-30,3.22,Delivered
SHP-A171D20F,INC-F9FFB5E7,ACT-1B6D6C5C,VEH-A9908C11,Mixed,2024-08-01,2024-09-06,20.25,Intercepted
SHP-08F05C9A,INC-B8101499,ACT-DUP-0004,VEH-B4220363,Air Cargo,2024-08-08,2024-08-31,47.12,Delivered
SHP-694CB208,INC-8A267DEE,ACT-6E321CE4,VEH-6D08839D,Air Cargo,2024-08-10,2024-09-03,8.75,Intercepted
SHP-0F340728,INC-1D3FC12F,ACT-DUP-0006,VEH-C9C4D321,Road,2024-08-11,2024-09-05,39.06,Delayed
SHP-2BD751B4,INC-976F24FE,ACT-5B9A50EE,VEH-6D08839D,Road,2024-08-12,2024-09-10,32.66,In Transit
SHP-604F5BBE,INC-94B20477,ACT-ADF3339E,VEH-6EC350B3,Rail,2024-08-15,2024-09-27,55.78,Intercepted
SHP-831F68C7,INC-3911A5DD,ACT-C1CE62FB,VEH-F22B1F49,Road,2024-08-17,2024-09-02,36.88,In Transit
SHP-00AF7594,INC-42FE4868,ACT-B49444A6,VEH-B9296496,Rail,2024-08-17,2024-09-15,13.79,Delivered
SHP-318FEFF8,INC-00274222,ACT-7353F8D0,VEH-A9908C11,Mixed,2024-08-18,2024-09-06,97.21,Intercepted
SHP-344E093B,INC-1CDD4560,ACT-F513E9F2,VEH-58A0266E,Air Cargo,2024-08-18,2024-09-02,28.71,In Transit
SHP-1C49F306,INC-063C1F2C,ACT-8D60BEB9,VEH-386D9F56,Sea Freight,2024-08-22,2024-10-01,32.31,In Transit
SHP-02471ED0,INC-C34BD297,ACT-DUP-0001,VEH-46969AFB,Sea Freight,2024-08-23,2024-09-25,14.3,Delivered
SHP-ACCE6969,INC-D7628F86,ACT-C246476B,VEH-78002D47,Rail,2024-08-25,2024-09-01,22.22,Delayed
SHP-DCD040C9,INC-BF08DBB6,ACT-516B220E,VEH-39068AE2,Road,2024-08-28,2024-10-04,14.93,Intercepted
SHP-521D1E4A,INC-10F165CA,ACT-8D60BEB9,VEH-4FFBE26F,Mixed,2024-08-28,2024-09-07,28.34,In Transit
SHP-4BEC36D3,INC-D34E63D1,ACT-B62E0FB9,VEH-52CEF0A2,Sea Freight,2024-08-31,2024-09-18,154.55,Delayed
SHP-EE39978E,INC-1B2B6136,ACT-024E3B6A,VEH-16615E5D,Sea Freight,2024-09-01,2024-10-09,9.63,In Transit
SHP-09B41CF2,INC-37F58A26,ACT-E039AAEB,VEH-CE4C3B2A,Road,2024-09-03,2024-09-29,7.75,Intercepted
SHP-9FB88120,INC-60F32002,ACT-DUP-0007,VEH-AA99CADF,Air Cargo,2024-09-06,2024-10-12,124.47,Delayed
SHP-3E661DF6,INC-A1D80761,ACT-A3B509D1,VEH-642110EA,Road,2024-09-12,2024-10-06,27.43,Delivered
SHP-CAEB3122,INC-FE7DD637,ACT-B49444A6,VEH-4FFBE26F,Air Cargo,2024-09-14,2024-10-20,18.13,In Transit
SHP-DD65543D,INC-C462BE8D,ACT-4B53C901,VEH-F22B1F49,Air Cargo,2024-09-15,2024-10-13,84.43,Delayed
SHP-B129FA13,INC-FE66FC1A,ACT-A19B3B13,VEH-CE1D2BF3,Sea Freight,2024-09-26,2024-10-30,19.2,Delayed
SHP-DF886655,INC-F7233FDE,ACT-6F081E40,VEH-E779DE2C,Rail,2024-09-27,2024-10-10,171.3,Intercepted
SHP-B8E24C1C,INC-2C70FAE0,ACT-8F24BB27,VEH-6989DB09,Rail,2024-09-27,2024-10-19,60.95,Delivered
SHP-9F339087,INC-CE3FC3E6,ACT-A05EB96B,VEH-66E3BDFD,Road,2024-09-28,2024-11-02,21.35,In Transit
SHP-E1406A3B,INC-BD8D0EED,ACT-01EA26A9,VEH-AA99CADF,Air Cargo,2024-09-29,2024-10-22,230.81,In Transit
SHP-86270B99,INC-E52BE33F,ACT-D2CB78D6,VEH-A14E5F6F,Air Cargo,2024-10-02,2024-10-16,19.2,Delayed
SHP-ED2AB82B,INC-C23A7161,ACT-F134FC9B,VEH-E02E6FFD,Road,2024-10-07,2024-11-15,64.58,Intercepted
SHP-4CB8D98C,INC-37FAC3CA,ACT-1DF99FFB,VEH-C5004365,Rail,2024-10-13,2024-11-03,43.35,Delivered
SHP-7087B26B,INC-503191E9,ACT-FD05814E,VEH-E8E1B36D,Rail,2024-10-22,2024-11-27,106.87,Delayed
SHP-8D5BAE35,INC-8EB5B84D,ACT-3FD962A7,VEH-8E8C7BFC,Mixed,2024-10-23,2024-12-03,135.01,In Transit
SHP-FA91465E,INC-18B3A5B0,ACT-01EA26A9,VEH-3030EB47,Sea Freight,2024-10-24,2024-12-03,34.08,In Transit
SHP-8C8F0EA5,INC-17AA367E,ACT-DUP-0010,VEH-78002D47,Air Cargo,2024-11-02,2024-11-12,16.81,Delivered
SHP-781FC354,INC-B340A50F,ACT-DD3ED62E,VEH-52CEF0A2,Sea Freight,2024-11-18,2024-12-05,50.1,Delivered
SHP-EC2A18FD,INC-F8517BB9,ACT-F0092B27,VEH-875537E2,Mixed,2024-12-01,2025-01-14,17.99,Delayed
SHP-4F4C8F3E,INC-3C7F2D1E,ACT-61CA522C,VEH-D7A1FC4E,Mixed,2024-12-08,2024-12-18,202.77,Delayed
SHP-51692065,INC-A90DF55B,ACT-0270A250,VEH-CE4C3B2A,Mixed,2024-12-15,2025-01-20,37.45,Delayed
SHP-03A17425,INC-2005D018,ACT-F20CA79B,VEH-D1F669CE,Rail,2024-12-16,2025-01-11,23.84,Intercepted
SHP-C2856960,INC-CD369185,ACT-71CD333C,VEH-8E8C7BFC,Sea Freight,2024-12-16,2024-12-23,39.1,Delayed
SHP-65C92A58,INC-9E289A1E,ACT-28E1066F,VEH-AA99CADF,Mixed,2024-12-21,2025-01-19,9.85,In Transit
SHP-33C1D724,INC-4BCBFFEF,ACT-1D7B2448,VEH-FC911057,Road,2024-12-30,2025-01-10,13.81,Delayed
SHP-72087970,INC-A8E89DAC,ACT-B1A0AF66,VEH-7815991E,Road,2025-01-02,2025-01-20,97.55,Delayed
SHP-DB3E980E,INC-9C66862F,ACT-83FE0258,VEH-55A72D76,Sea Freight,2025-01-04,2025-02-08,18.33,Delivered
SHP-1D03FA80,INC-B8872C0C,ACT-B62E0FB9,VEH-F7F36C05,Mixed,2025-01-05,2025-02-03,12.91,Delayed
SHP-8E404399,INC-C080047C,ACT-DBBBE5BC,VEH-0D3D5473,Sea Freight,2025-01-14,2025-02-23,53.68,In Transit
SHP-A8F83E8C,INC-9B509137,ACT-F702EB53,VEH-A14E5F6F,Mixed,2025-01-23,2025-02-18,96.27,Delayed
SHP-B3302155,INC-38A2513D,ACT-480A6546,VEH-9A32A5BD,Road,2025-01-24,2025-02-14,63.25,Delivered
SHP-046FD31D,INC-62F9706C,ACT-A3B509D1,VEH-6989DB09,Sea Freight,2025-01-25,2025-02-18,81.16,Delayed
SHP-8EE221E1,INC-89C9D480,ACT-46D85523,VEH-C5004365,Sea Freight,2025-01-27,2025-02-04,16.76,In Transit
SHP-AEC4BBAF,INC-6E3D7227,ACT-BDA5B9AD,VEH-46969AFB,Mixed,2025-01-30,2025-03-16,9.21,In Transit
SHP-1764D6CB,INC-C331EBE5,ACT-72D14581,VEH-B5D8E814,Rail,2025-01-31,2025-02-22,127.89,Delivered
SHP-C51A7746,INC-10093B7D,ACT-0270A250,VEH-8E8C7BFC,Air Cargo,2025-02-01,2025-03-14,24.77,Intercepted
SHP-51721771,INC-1773DDC0,ACT-0DD6E664,VEH-4FFBE26F,Mixed,2025-02-14,2025-03-07,26.42,Intercepted
SHP-95763CFB,INC-CFB16B32,ACT-866A9666,VEH-52CEF0A2,Mixed,2025-02-15,2025-03-09,109.44,Delivered
SHP-A213EB76,INC-589AB78F,ACT-5B9A50EE,VEH-89A02B74,Sea Freight,2025-02-16,2025-03-21,54.63,Delivered
SHP-2B1601B3,INC-94298C74,ACT-DUP-0007,VEH-6D08839D,Sea Freight,2025-02-18,2025-03-24,49.91,Intercepted
SHP-FF0B55B6,INC-A87B0AD0,ACT-0DD6E664,VEH-F1AF1ECA,Rail,2025-02-24,2025-03-27,232.41,Delayed
SHP-984EEFE9,INC-43C37A4A,ACT-83FE0258,VEH-89A02B74,Air Cargo,2025-02-26,2025-03-14,18.56,Delayed
SHP-9525286E,INC-515699A6,ACT-6E321CE4,VEH-386D9F56,Air Cargo,2025-02-28,2025-03-22,76.33,Delayed
SHP-86BDC87F,INC-30BA3CAE,ACT-93684B5D,VEH-F1AF1ECA,Rail,2025-03-02,2025-03-12,34.86,Delivered
SHP-A03C41FC,INC-BE5B30E7,ACT-B49444A6,VEH-9A32A5BD,Air Cargo,2025-03-02,2025-04-02,42.17,Intercepted
SHP-5427CD63,INC-1531B1ED,ACT-130BC3BE,VEH-8B42C37D,Sea Freight,2025-03-03,2025-03-15,131.06,Delivered
SHP-541EFB13,INC-060C103D,ACT-83FE0258,VEH-58A0266E,Mixed,2025-03-08,2025-03-18,52.3,In Transit
SHP-9A1FB98A,INC-9E823210,ACT-1D992B5E,VEH-642110EA,Rail,2025-03-08,2025-03-19,53.76,Delivered
SHP-E73CFE3D,INC-B5390996,ACT-20D0E245,VEH-17A9FDFD,Air Cargo,2025-03-20,2025-04-17,86.94,Delivered
SHP-70623C78,INC-512A9B14,ACT-6AB623B4,VEH-7DDE0FB2,Mixed,2025-03-23,2025-04-06,23.84,Delivered
SHP-9D4F0DBB,INC-CA1AE4F9,ACT-34C1CDB5,VEH-42F5939A,Road,2025-03-23,2025-04-24,15.56,Delayed
SHP-19CBFA22,INC-BF83886D,ACT-CFAB48FB,VEH-4FFBE26F,Road,2025-03-24,2025-04-29,12.93,Intercepted
SHP-4E69BD63,INC-8946B5F9,ACT-DUP-0008,VEH-B5D8E814,Rail,2025-03-29,2025-04-28,5.64,In Transit
SHP-160559C9,INC-3A7D94EE,ACT-46D85523,VEH-2B492B5D,Road,2025-03-29,2025-05-05,210.73,Intercepted
SHP-637C9DF9,INC-D360954F,ACT-CA6408EB,VEH-B5D8E814,Air Cargo,2025-04-03,2025-05-06,12.27,In Transit
SHP-D19B979C,INC-5ECD4F9B,ACT-802FEC44,VEH-78002D47,Road,2025-04-04,2025-04-27,27.14,Delivered
SHP-D2AFBA8D,INC-41438DE4,ACT-001930AF,VEH-3030EB47,Rail,2025-04-05,2025-04-24,25.81,Delivered
SHP-1E8E4636,INC-A5B18D16,ACT-6890BAC6,VEH-78002D47,Road,2025-04-08,2025-05-16,43.67,Delayed
SHP-F5A6E640,INC-A03A3F0C,ACT-9DC49715,VEH-D7A1FC4E,Road,2025-04-09,2025-05-17,69.0,Delivered
SHP-9B9C50D2,INC-63DF534D,ACT-DUP-0006,VEH-6EC350B3,Air Cargo,2025-04-13,2025-04-28,71.84,In Transit
SHP-68D7EA6D,INC-9DA78801,ACT-BEF7869A,VEH-6989DB09,Sea Freight,2025-04-14,2025-05-24,19.59,In Transit
SHP-1F12B1C4,INC-8F5F24D4,ACT-8D60BEB9,VEH-7815991E,Sea Freight,2025-04-14,2025-05-17,28.49,Delivered
SHP-B51AB91E,INC-D6764190,ACT-DUP-0010,VEH-8E8C7BFC,Rail,2025-04-15,2025-04-22,42.71,Intercepted
SHP-0951793D,INC-48AB8F6C,ACT-DUP-0004,VEH-D1F669CE,Rail,2025-04-19,2025-04-29,26.47,In Transit
SHP-12ED5200,INC-7A465F5A,ACT-93684B5D,VEH-A9908C11,Sea Freight,2025-04-24,2025-05-01,140.7,In Transit
SHP-44B3B5AB,INC-3309C37C,ACT-516B220E,VEH-52246933,Sea Freight,2025-04-26,2025-06-05,51.52,Delayed
SHP-BECA12D0,INC-728F0959,ACT-5535B8FF,VEH-58A0266E,Mixed,2025-04-30,2025-05-18,64.16,Delivered
SHP-204B9F67,INC-431E4BE0,ACT-2BB3216C,VEH-6989DB09,Road,2025-05-05,2025-05-27,60.14,Intercepted
SHP-BD8283B7,INC-FF21C80A,ACT-FD05814E,VEH-89A02B74,Rail,2025-05-06,2025-06-07,95.21,Delayed
SHP-70AE6536,INC-9F36A672,ACT-DBBBE5BC,VEH-9A32A5BD,Road,2025-05-14,2025-06-26,38.97,In Transit
SHP-FC63FDF9,INC-5F1EE080,ACT-8AF11CFA,VEH-4FFBE26F,Rail,2025-05-17,2025-05-26,10.31,Delayed
SHP-34AF2596,INC-DC1DE291,ACT-0270A250,VEH-FC911057,Sea Freight,2025-05-17,2025-06-28,47.45,Delivered
SHP-5677DECA,INC-05AA8387,ACT-6C6CC66E,VEH-6A29C4F6,Road,2025-05-18,2025-05-30,18.43,In Transit
SHP-9C1086EF,INC-33BF5D05,ACT-001930AF,VEH-B5D8E814,Air Cargo,2025-05-19,2025-06-28,20.58,Delayed
SHP-100FDFEE,INC-DF24931D,ACT-BEF7869A,VEH-B5D8E814,Road,2025-05-24,2025-06-17,56.13,In Transit
SHP-F9753D9E,INC-D3B016C3,ACT-8A3A138F,VEH-3030EB47,Air Cargo,2025-05-28,2025-06-15,100.93,Delivered
SHP-08880AD4,INC-0EBE2272,ACT-6E321CE4,VEH-74BDC153,Air Cargo,2025-06-01,2025-07-03,33.76,Delivered
SHP-373FBD6A,INC-822AF71E,ACT-A05EB96B,VEH-8C4716E8,Rail,2025-06-01,2025-07-14,43.73,Delivered
SHP-342DBA69,INC-BFF12B37,ACT-4DBAB638,VEH-BDB5EE5C,Sea Freight,2025-06-02,2025-06-14,153.24,In Transit
SHP-5C01DD7D,INC-ACD8DFCD,ACT-BEF7869A,VEH-F2D4B468,Road,2025-06-10,2025-07-14,41.13,Delayed
SHP-9B4B6663,INC-C54BDAF9,ACT-7353F8D0,VEH-C5004365,Rail,2025-06-10,2025-07-07,344.3,Delayed
SHP-91BA0B9E,INC-30714B3F,ACT-83FE0258,VEH-58A0266E,Rail,2025-06-24,2025-07-15,55.09,Delivered
SHP-17E3C765,INC-DABFAEBC,ACT-2D0BDD94,VEH-55A72D76,Mixed,2025-06-26,2025-08-09,6.79,Intercepted
SHP-BD97C92A,INC-C9972064,ACT-2D0BDD94,VEH-42F5939A,Road,2025-06-29,2025-07-21,65.24,Delivered
SHP-F16C7474,INC-CDA89BFA,ACT-A8B80500,VEH-E89C1A00,Road,2025-06-30,2025-07-31,46.67,Intercepted
SHP-93C6F31B,INC-4E39810E,ACT-5BCEA423,VEH-4FFBE26F,Road,2025-07-01,2025-07-14,105.72,Delayed
SHP-31D2CDD4,INC-5A1D62F5,ACT-3EC2CAB2,VEH-3030EB47,Air Cargo,2025-07-14,2025-08-13,60.7,In Transit
SHP-33A77D7F,INC-84D99EB6,ACT-BDA5B9AD,VEH-BA81F106,Mixed,2025-07-16,2025-08-03,29.24,Delayed
SHP-E5FF13AF,INC-F78CF454,ACT-157A0D7D,VEH-C5004365,Road,2025-07-17,2025-07-30,11.0,In Transit
SHP-09C56BB0,INC-6D10E95C,ACT-A19B3B13,VEH-E732151D,Rail,2025-07-20,2025-09-03,27.44,In Transit
SHP-D1B9C768,INC-47ED0F0D,ACT-A8B80500,VEH-3B9C1DE1,Sea Freight,2025-07-24,2025-08-18,15.4,Delivered
SHP-454D5CBA,INC-116281CC,ACT-9DC49715,VEH-93BBC0AE,Rail,2025-07-26,2025-09-07,19.64,Delivered
SHP-DB6C3FD9,INC-32716F42,ACT-525CFB31,VEH-66E3BDFD,Road,2025-08-01,2025-08-16,56.25,Delayed
SHP-E0FC9E15,INC-E93DC79B,ACT-CAA8911E,VEH-D1F669CE,Rail,2025-08-05,2025-08-21,148.85,Intercepted
SHP-D3CD56CA,INC-2E288468,ACT-DUP-0004,VEH-52CEF0A2,Sea Freight,2025-08-13,2025-09-15,47.24,Intercepted
SHP-968B6A64,INC-5190CCE5,ACT-DUP-0007,VEH-9A32A5BD,Mixed,2025-08-14,2025-09-06,11.29,Delivered
SHP-30B2ECE5,INC-9FA1225A,ACT-1DF99FFB,VEH-58A0266E,Road,2025-08-15,2025-09-20,49.41,In Transit
SHP-06E856BF,INC-9C8F005B,ACT-ADF3339E,VEH-852A02ED,Road,2025-08-17,2025-09-18,97.22,Delayed
SHP-C3F07211,INC-60A75744,ACT-1DF99FFB,VEH-BA81F106,Road,2025-09-04,2025-10-02,19.13,Intercepted
SHP-FBAFAAF4,INC-CDEF77A9,ACT-DUP-0003,VEH-39068AE2,Road,2025-09-08,2025-10-23,29.35,Delivered
SHP-CED9D674,INC-6E8E7A45,ACT-024E3B6A,VEH-2B492B5D,Rail,2025-09-10,2025-10-12,33.56,Delivered
SHP-BBA04BFA,INC-CB5C41F5,ACT-020A968E,VEH-46969AFB,Rail,2025-09-14,2025-10-11,16.34,Intercepted
SHP-032115C8,INC-15FBD001,ACT-9FA63766,VEH-CE4C3B2A,Mixed,2025-09-19,2025-10-03,59.35,Delivered
SHP-FF07E7DD,INC-0CED375A,ACT-C48421F9,VEH-C5004365,Air Cargo,2025-09-25,2025-11-06,29.7,Delayed
SHP-CB4F1DEB,INC-4C48EFFC,ACT-0E08ABDD,VEH-D1F669CE,Rail,2025-09-26,2025-10-21,48.31,Delivered
SHP-043BFBE2,INC-F9BF0F1F,ACT-2BB3216C,VEH-0051BCB6,Air Cargo,2025-09-30,2025-10-26,14.9,Delayed
SHP-E9C74834,INC-BFB5BBA3,ACT-BDA5B9AD,VEH-42F5939A,Mixed,2025-10-06,2025-11-06,22.34,Delayed
SHP-120F9E78,INC-DDF4BE8C,ACT-DUP-0010,VEH-AEAA3C74,Rail,2025-10-07,2025-11-20,63.44,In Transit
SHP-4972C2A2,INC-613CD097,ACT-2D0BDD94,VEH-D1F669CE,Sea Freight,2025-10-08,2025-11-07,23.68,Delivered
SHP-EDA335C6,INC-5D101D0F,ACT-451B57E0,VEH-FACD8AF3,Mixed,2025-10-08,2025-11-06,156.69,Delayed
SHP-1ADA3D2B,INC-07FD8D0D,ACT-E039AAEB,VEH-BA81F106,Sea Freight,2025-10-14,2025-11-11,23.11,In Transit
SHP-18EB8CB2,INC-D4E686B3,ACT-CA6408EB,VEH-6989DB09,Rail,2025-10-22,2025-11-14,40.54,Intercepted
SHP-108859DF,INC-2C59B619,ACT-DUP-0009,VEH-89A02B74,Air Cargo,2025-10-22,2025-11-23,76.66,Intercepted
SHP-6249BD8F,INC-12FED95A,ACT-3EC2CAB2,VEH-7DDE0FB2,Road,2025-10-24,2025-11-01,9.24,Delayed
SHP-AC9163EC,INC-255C0F50,ACT-866A9666,VEH-AA99CADF,Road,2025-10-28,2025-11-09,6.79,Intercepted
SHP-8023A8A5,INC-741D3958,ACT-46D85523,VEH-D7A1FC4E,Mixed,2025-10-28,2025-11-25,8.39,Delayed
SHP-0C27626B,INC-15094649,ACT-5535B8FF,VEH-FC911057,Rail,2025-10-29,2025-11-27,103.16,Delayed
SHP-C579D3BF,INC-1798C080,ACT-6E321CE4,VEH-D1F669CE,Sea Freight,2025-11-01,2025-11-28,20.15,In Transit
SHP-5E8E7C36,INC-60A557B7,ACT-E039AAEB,VEH-58A0266E,Air Cargo,2025-11-02,2025-11-10,331.09,Delivered
SHP-CF53859D,INC-B7149057,ACT-C246476B,VEH-F95FA7A4,Road,2025-11-07,2025-12-17,19.93,Delayed
SHP-DC2A0161,INC-9F6FAE88,ACT-8AF11CFA,VEH-F2D4B468,Air Cargo,2025-11-09,2025-12-15,39.1,Delivered
SHP-1CE9F6E7,INC-44A7CA78,ACT-16E31CC7,VEH-89A02B74,Mixed,2025-11-11,2025-12-15,132.67,Delivered
SHP-58B818BD,INC-BC46527B,ACT-9A97A853,VEH-09A8C518,Rail,2025-11-14,2025-12-19,201.44,In Transit
SHP-C34CCCE5,INC-EF857B06,ACT-020A968E,VEH-C5004365,Sea Freight,2025-11-15,2025-12-05,211.74,In Transit
SHP-7D5CD8D3,INC-0F37ED1D,ACT-EB994163,VEH-16615E5D,Road,2025-11-15,2025-12-26,98.25,Delivered
SHP-D5ABA39D,INC-1E7A6C43,ACT-6C2A62E9,VEH-AA99CADF,Rail,2025-11-17,2025-12-23,83.23,Intercepted
SHP-B74970A7,INC-9A927874,ACT-D4BFC62A,VEH-8C4716E8,Mixed,2025-11-17,2026-01-01,56.45,In Transit
SHP-BEC6DF8B,INC-06F73824,ACT-480A6546,VEH-953B7492,Mixed,2025-11-17,2025-12-16,66.72,Delivered
SHP-7BA4D735,INC-8C43E7FC,ACT-2D0BDD94,VEH-D1F669CE,Air Cargo,2025-11-18,2025-12-14,20.16,Intercepted
SHP-90878D67,INC-90E24B50,ACT-D2CB78D6,VEH-0051BCB6,Sea Freight,2025-11-19,2025-12-03,15.86,Delivered
SHP-1EA18D91,INC-075D65FD,ACT-A8B80500,VEH-F57142D5,Rail,2025-11-20,2025-12-20,33.02,Delivered
SHP-36B9EE67,INC-6F249708,ACT-F702EB53,VEH-8C4716E8,Air Cargo,2025-11-27,2026-01-09,28.41,Delayed
SHP-06289CA1,INC-EF577071,ACT-CAA8911E,VEH-F95FA7A4,Rail,2025-11-28,2026-01-08,22.02,Intercepted
SHP-1D1BB5F4,INC-93B3BAA0,ACT-7494AE24,VEH-E779DE2C,Rail,2025-11-30,2025-12-15,61.98,In Transit
SHP-679D7953,INC-DC742503,ACT-DUP-0005,VEH-3030EB47,Air Cargo,2025-12-02,2025-12-31,78.24,Delivered
SHP-157C5D56,INC-4A35725C,ACT-DUP-0010,VEH-6D08839D,Rail,2025-12-05,2026-01-05,35.86,Delayed
SHP-4C62338B,INC-2826EA19,ACT-DD3ED62E,VEH-69A64C1C,Rail,2025-12-10,2026-01-17,125.18,Delivered
SHP-DC66FF5B,INC-8D8D900A,ACT-16E31CC7,VEH-CE4C3B2A,Air Cargo,2025-12-17,2025-12-29,11.85,Intercepted
SHP-F9A58D0D,INC-32161C4F,ACT-DBBBE5BC,VEH-52246933,Mixed,2025-12-21,2025-12-30,27.82,Intercepted
SHP-02348E9D,INC-50FDFD5C,ACT-DUP-0007,VEH-D7A1FC4E,Mixed,2025-12-23,2026-01-09,17.37,In Transit
SHP-6CE6E9F0,INC-822B9C23,ACT-D4295B58,VEH-AA99CADF,Mixed,2025-12-29,2026-02-10,6.17,Intercepted
SHP-9D05EC40,INC-1DDB2C11,ACT-99F0286C,VEH-B5D8E814,Mixed,2025-12-30,2026-02-09,30.74,Delivered
SHP-55ADF2C0,INC-787713CD,ACT-3FD962A7,VEH-C5004365,Road,2025-12-30,2026-02-02,29.68,In Transit
SHP-9E1F1EBC,INC-FB88CEDA,ACT-45C722DA,VEH-52CEF0A2,Sea Freight,2025-12-30,2026-02-03,129.3,Delayed
SHP-84E5E721,INC-2992C5A5,ACT-A7290540,VEH-0051BCB6,Mixed,2026-01-04,2026-01-18,58.42,Intercepted
SHP-5454831B,INC-B49586C7,ACT-6F081E40,VEH-FACD8AF3,Air Cargo,2026-01-14,2026-02-17,13.17,Delivered
SHP-FF445DCC,INC-7D4B283E,ACT-45C722DA,VEH-CE4C3B2A,Mixed,2026-01-18,2026-01-28,175.68,Intercepted
SHP-724EFE77,INC-8D27A117,ACT-9DC49715,VEH-A9908C11,Road,2026-01-19,2026-03-05,99.38,Intercepted
SHP-735BE970,INC-2CE068AA,ACT-D4295B58,VEH-CA86CAF6,Mixed,2026-01-20,2026-02-14,55.92,In Transit
SHP-47A8C77E,INC-0BBF9870,ACT-3B25DA0A,VEH-3030EB47,Road,2026-01-22,2026-02-06,27.01,Delivered
SHP-0B3B63AD,INC-6FD8D1E2,ACT-7187AEBF,VEH-9A32A5BD,Road,2026-01-22,2026-02-06,13.96,Delivered
SHP-8A23C45D,INC-C36D97AB,ACT-866A9666,VEH-875537E2,Mixed,2026-02-04,2026-03-08,23.69,Intercepted
SHP-52C472F2,INC-17D6DB38,ACT-DC4BFFE4,VEH-55A72D76,Sea Freight,2026-02-06,2026-03-11,88.22,In Transit
SHP-769C5122,INC-C378F9D9,ACT-020A968E,VEH-CE1D2BF3,Road,2026-02-11,2026-03-15,180.57,Delayed
SHP-025303F2,INC-322254E2,ACT-DB3AAE2B,VEH-4C11904A,Sea Freight,2026-02-18,2026-03-28,132.81,Delayed
SHP-9B5BFF30,INC-7FD2287E,ACT-D404B1E6,VEH-D1F669CE,Air Cargo,2026-02-21,2026-03-22,21.33,Delayed
SHP-0C1B97A4,INC-E2775A7D,ACT-D4295B58,VEH-6A29C4F6,Road,2026-02-24,2026-03-16,12.09,Intercepted
SHP-2392FD99,INC-13B7BC4E,ACT-61CA522C,VEH-78002D47,Mixed,2026-02-27,2026-03-27,37.59,Delayed
SHP-1BA3614E,INC-4CF654A6,ACT-451B57E0,VEH-E779DE2C,Sea Freight,2026-03-03,2026-03-31,6.74,Delayed
SHP-F2D2AF8E,INC-A6646C7F,ACT-C246476B,VEH-F7F36C05,Rail,2026-03-04,2026-03-12,44.29,Delayed
SHP-54BFC863,INC-B9EF0A14,ACT-9FA63766,VEH-CAE2C79F,Air Cargo,2026-03-06,2026-03-13,29.0,Intercepted
SHP-1EE4CE49,INC-40171DBA,ACT-F0092B27,VEH-58A0266E,Road,2026-03-17,2026-04-03,21.77,Intercepted
SHP-E78DAB87,INC-006A0A35,ACT-CAA8911E,VEH-920EE291,Sea Freight,2026-03-28,2026-04-09,7.88,Delayed
SHP-3CCAAB86,INC-83618E73,ACT-9A97A853,VEH-F2D4B468,Sea Freight,2026-04-04,2026-04-30,52.57,In Transit
SHP-DD0DD319,INC-27AF02AC,ACT-DUP-0003,VEH-6989DB09,Sea Freight,2026-04-09,2026-04-16,20.5,Delivered
SHP-CAC3049D,INC-5EF621B3,ACT-DD3ED62E,VEH-6989DB09,Sea Freight,2026-04-12,2026-05-26,11.55,In Transit
SHP-D6228EB3,INC-66FE58C2,ACT-F702EB53,VEH-F7F36C05,Air Cargo,2026-04-13,2026-05-11,2.5,Delayed
SHP-726724E1,INC-5814A5A3,ACT-A9F1176D,VEH-42F5939A,Sea Freight,2026-04-18,2026-04-29,32.31,In Transit
SHP-BADEC253,INC-0153BECF,ACT-130BC3BE,VEH-2B492B5D,Road,2026-04-20,2026-05-03,163.21,Delivered
SHP-44ECF00B,INC-55173AC1,ACT-866A9666,VEH-7815991E,Sea Freight,2026-04-22,2026-05-23,147.69,In Transit
SHP-E71665E8,INC-DA76F294,ACT-45C722DA,VEH-89A02B74,Air Cargo,2026-04-25,2026-05-12,21.95,Delivered
SHP-4C455CB0,INC-5F2253A2,ACT-DD3ED62E,VEH-B4220363,Air Cargo,2026-04-29,2026-06-01,19.26,In Transit
SHP-F75AFD6F,INC-FD151C94,ACT-95A4317F,VEH-7815991E,Mixed,2026-05-04,2026-05-17,50.5,Delayed
SHP-C45D299C,INC-F9B159E0,ACT-7494AE24,VEH-CAE2C79F,Air Cargo,2026-05-07,2026-06-05,13.48,Delivered
SHP-DF30F1A4,INC-751BFF5B,ACT-3FD962A7,VEH-89A02B74,Mixed,2026-05-10,2026-06-03,43.45,Intercepted
SHP-BA3C8B79,INC-28275C25,ACT-46D85523,VEH-17A9FDFD,Mixed,2026-05-14,2026-05-22,65.99,Delivered
SHP-C3CD0C1C,INC-83C84C75,ACT-BA821236,VEH-F22B1F49,Air Cargo,2026-05-15,2026-06-16,99.91,Delayed
SHP-1EDC41C6,INC-D6C72864,ACT-F513E9F2,VEH-AA99CADF,Rail,2026-05-17,2026-06-17,30.26,In Transit
SHP-6EBF482A,INC-60B97CF6,ACT-01EA26A9,VEH-C5004365,Road,2026-05-24,2026-07-03,27.57,Delivered
SHP-FDC6D900,INC-8701EC71,ACT-B1A0AF66,VEH-CE4C3B2A,Road,2026-05-25,2026-06-25,15.03,Delivered
SHP-D108CF2F,INC-403FDB4C,ACT-8A3A138F,VEH-42F5939A,Mixed,2026-05-26,2026-07-02,15.73,In Transit
SHP-E1AD802A,INC-51199438,ACT-1D992B5E,VEH-1A06A5E8,Sea Freight,2026-05-27,2026-06-03,27.01,In Transit
SHP-434BD3C0,INC-69DA945D,ACT-516B220E,VEH-B5D8E814,Mixed,2026-06-10,2026-07-12,46.09,Delayed
SHP-82F1C23F,INC-A82CC362,ACT-72D14581,VEH-AA99CADF,Sea Freight,2026-06-14,2026-07-18,75.36,Delivered
SHP-36E0F755,INC-877EF9A7,ACT-9150A102,VEH-89A02B74,Sea Freight,2026-06-16,2026-07-10,16.07,Delivered
SHP-62CC423B,INC-6391E51B,ACT-A19B3B13,VEH-A9908C11,Rail,2026-06-19,2026-07-05,126.9,In Transit
SHP-0B4C94D7,INC-A5C21485,ACT-F513E9F2,VEH-BA81F106,Sea Freight,2026-06-24,2026-07-20,25.95,Delivered
SHP-870DFF9E,INC-92F2DDB3,ACT-F70E04EC,VEH-58A0266E,Rail,2026-06-28,2026-07-10,32.48,In Transit
SHP-157DB174,INC-1890EF7F,ACT-2F205955,VEH-AA99CADF,Sea Freight,2026-07-01,2026-07-27,16.9,In Transit
SHP-981F8B67,INC-0080E45A,ACT-A9210483,VEH-D1F669CE,Air Cargo,2026-07-03,2026-07-18,3.74,Delayed
SHP-0F04CA8D,INC-49772DB9,ACT-8F24BB27,VEH-F1AF1ECA,Air Cargo,2026-07-04,2026-08-02,73.38,Intercepted
SHP-60AA9BD1,INC-ADB724B1,ACT-F134FC9B,VEH-66E3BDFD,Sea Freight,2026-07-05,2026-07-20,64.27,Intercepted
SHP-49232F6D,INC-8FA93DB2,ACT-28E1066F,VEH-66E3BDFD,Road,2026-07-07,2026-08-10,25.71,In Transit
SHP-4F07E1C6,INC-4CC681DB,ACT-01EA26A9,VEH-D7A1FC4E,Sea Freight,2026-07-11,2026-08-18,35.17,Delayed
SHP-41604ABB,INC-A99ECD5A,ACT-130BC3BE,VEH-42F5939A,Air Cargo,2026-07-13,2026-08-25,52.69,Intercepted
SHP-A400EDD5,INC-70444A14,ACT-F70E04EC,VEH-D1F669CE,Air Cargo,2026-07-15,2026-07-28,8.11,In Transit
SHP-7AA6145D,INC-35C14236,ACT-6AB623B4,VEH-6989DB09,Sea Freight,2026-07-16,2026-07-25,20.57,Delayed
SHP-8D8DB634,INC-E8023570,ACT-74B10513,VEH-8C4716E8,Air Cargo,2026-07-17,2026-08-16,67.68,In Transit
SHP-3E0D02BF,INC-B23B2358,ACT-B1A0AF66,VEH-AA99CADF,Air Cargo,2026-07-18,2026-08-29,10.71,Intercepted
SHP-1DDFC4C5,INC-1B0E87B2,ACT-0DD6E664,VEH-69A64C1C,Road,2026-07-24,2026-08-15,43.13,In Transit
SHP-DE91E1D0,INC-A251BBF1,ACT-F134FC9B,VEH-58A0266E,Mixed,2026-07-26,2026-09-07,9.77,In Transit
SHP-E6181EDF,INC-FE8EFEF7,ACT-451B57E0,VEH-386D9F56,Rail,2026-07-31,2026-08-18,50.39,In Transit
SHP-69FC9904,INC-0AA68A2E,ACT-9150A102,VEH-56F55308,Road,2026-08-01,2026-09-06,32.07,In Transit
SHP-4B0E1E8A,INC-D079FCB9,ACT-A9210483,VEH-52CEF0A2,Road,2026-08-05,2026-09-16,7.74,Delivered
SHP-68BDAD22,INC-9FEDC9C2,ACT-525CFB31,VEH-CE4C3B2A,Mixed,2026-08-05,2026-08-30,94.47,Delivered
SHP-40816814,INC-10F98BB7,ACT-DUP-0007,VEH-920EE291,Air Cargo,2026-08-17,2026-09-22,17.1,Delivered
SHP-F8C088BE,INC-AF82125B,ACT-0E08ABDD,VEH-6989DB09,Sea Freight,2026-08-18,2026-09-03,15.97,Delivered
SHP-20B678C5,INC-72CC895D,ACT-A9210483,VEH-52CEF0A2,Road,2026-08-22,2026-10-02,39.67,In Transit
SHP-50A39D37,INC-CD4B4FDB,ACT-3EC2CAB2,VEH-E02E6FFD,Air Cargo,2026-08-26,2026-09-26,93.11,Delivered
SHP-A97E26BF,INC-5319B266,ACT-3B25DA0A,VEH-875537E2,Air Cargo,2026-08-28,2026-09-30,13.27,Intercepted
SHP-FA3D78E6,INC-6643099B,ACT-8D60BEB9,VEH-B5D8E814,Mixed,2026-08-31,2026-09-12,35.01,Delayed
SHP-A6BBC7B4,INC-B3F13D55,ACT-2D0BDD94,VEH-D7A1FC4E,Mixed,2026-09-01,2026-10-01,48.71,In Transit
SHP-4EF17390,INC-48A7B2CB,ACT-D4BFC62A,VEH-7815991E,Sea Freight,2026-09-02,2026-10-11,61.79,In Transit
SHP-1931AEB8,INC-F0F43572,ACT-61CA522C,VEH-B5D8E814,Air Cargo,2026-09-04,2026-10-08,38.81,Intercepted
SHP-88CB119C,INC-4A1D04B0,ACT-D4BFC62A,VEH-2B492B5D,Road,2026-09-07,2026-09-30,23.8,Intercepted
SHP-6BD33CCA,INC-54ADB586,ACT-8D60BEB9,VEH-66E3BDFD,Sea Freight,2026-09-11,2026-10-16,15.72,Delivered
SHP-7F2D4B18,INC-F4EEC901,ACT-E039AAEB,VEH-AA99CADF,Air Cargo,2026-09-13,2026-09-28,35.79,In Transit
SHP-6A6139A6,INC-D7A578CB,ACT-54264291,VEH-8B42C37D,Road,2026-09-13,2026-09-30,12.62,Delayed
SHP-B1CBC4C3,INC-78AFF1CC,ACT-CFAB48FB,VEH-B5D8E814,Air Cargo,2026-09-17,2026-10-01,2.39,Delayed
SHP-E5579764,INC-87E0247E,ACT-6C2A62E9,VEH-A14E5F6F,Sea Freight,2026-09-20,2026-10-16,49.05,In Transit
SHP-A16BB2FC,INC-E1E1AE41,ACT-C1CE62FB,VEH-17A9FDFD,Air Cargo,2026-09-21,2026-10-08,74.7,Intercepted
SHP-4AE467C9,INC-F97EDDD5,ACT-3FD962A7,VEH-4FFBE26F,Road,2026-09-25,2026-10-11,3.95,Delayed
SHP-BB235BC8,INC-8F3C31BD,ACT-6E321CE4,VEH-E779DE2C,Road,2026-09-26,2026-11-04,13.35,Delivered
SHP-D19CCB5A,INC-EEE150DB,ACT-DC4BFFE4,VEH-AEAA3C74,Mixed,2026-09-29,2026-10-07,57.81,Delivered
SHP-FC264F53,INC-024F87A5,ACT-3EC2CAB2,VEH-89A02B74,Air Cargo,2026-10-03,2026-10-16,210.98,In Transit
SHP-D9CB55AD,INC-BD24F6C5,ACT-CA6408EB,VEH-52CEF0A2,Air Cargo,2026-10-14,2026-10-21,33.74,Delivered
SHP-19A49F5E,INC-97AFBC25,ACT-2D0BDD94,VEH-920EE291,Mixed,2026-10-14,2026-11-15,17.2,Intercepted
SHP-3BF69804,INC-4187585A,ACT-28E1066F,VEH-F1AF1ECA,Air Cargo,2026-10-15,2026-10-26,28.09,Delayed
SHP-1BD97D38,INC-5A1F8BFD,ACT-A05EB96B,VEH-4FFBE26F,Sea Freight,2026-10-18,2026-11-02,114.14,In Transit
SHP-16388F30,INC-9D2BA2B7,ACT-9DC49715,VEH-E779DE2C,Mixed,2026-10-19,2026-11-24,18.52,Delayed
SHP-34B6FC24,INC-EE63DD43,ACT-16E31CC7,VEH-6A29C4F6,Rail,2026-10-21,2026-11-22,16.13,Delayed
SHP-C0786763,INC-82D04226,ACT-0137B6D6,VEH-953B7492,Air Cargo,2026-10-23,2026-11-10,21.45,Intercepted
SHP-265DE97E,INC-D10E4C8F,ACT-74B10513,VEH-89A02B74,Sea Freight,2026-10-24,2026-11-17,14.04,Delivered
SHP-6D1DA122,INC-6FDD3514,ACT-93684B5D,VEH-6A29C4F6,Mixed,2026-10-25,2026-11-19,36.98,Delayed
SHP-C9F5DC0F,INC-9C20A615,ACT-020A968E,VEH-4FFBE26F,Rail,2026-10-26,2026-11-05,142.91,Delivered
SHP-2B05CD27,INC-B640A155,ACT-3FD962A7,VEH-39068AE2,Mixed,2026-10-26,2026-11-28,44.29,In Transit
SHP-3866C0E1,INC-FE1AB35A,ACT-DUP-0003,VEH-953B7492,Mixed,2026-10-28,2026-11-28,26.39,Delayed
SHP-C251BF53,INC-910E86C3,ACT-DUP-0009,VEH-CE4C3B2A,Road,2026-10-30,2026-11-28,25.47,Delayed
SHP-0BC2DAF5,INC-0BE00279,ACT-2AF63B3F,VEH-16615E5D,Road,2026-11-02,2026-11-26,8.11,Delivered
SHP-676765CB,INC-E5D4001B,ACT-0270A250,VEH-58A0266E,Rail,2026-11-07,2026-11-15,73.32,Intercepted
SHP-DCCBE983,INC-4E49C454,ACT-C246476B,VEH-74BDC153,Sea Freight,2026-11-10,2026-12-24,30.87,Delivered
SHP-DBAAFB1B,INC-0D75271F,ACT-0270A250,VEH-66E3BDFD,Air Cargo,2026-11-13,2026-12-05,28.15,Delayed
SHP-3E5E57E8,INC-14EBC331,ACT-B62E0FB9,VEH-F95FA7A4,Air Cargo,2026-11-14,2026-12-13,586.28,Intercepted
SHP-75D603A1,INC-131AE7EA,ACT-16E31CC7,VEH-09A8C518,Road,2026-11-19,2026-12-18,43.33,Delivered
SHP-9A431D06,INC-ECB2E22B,ACT-DUP-0007,VEH-642110EA,Mixed,2026-11-24,2027-01-06,16.83,Intercepted
SHP-4059CEE7,INC-BF3E895A,ACT-EBD0B65D,VEH-875537E2,Sea Freight,2026-11-25,2026-12-13,22.56,In Transit
SHP-8B7C6F73,INC-7FA21422,ACT-CA6408EB,VEH-E8E1B36D,Sea Freight,2026-11-29,2026-12-20,93.09,Delayed
SHP-59FB3EC1,INC-2199F6B6,ACT-9FA63766,VEH-852A02ED,Air Cargo,2026-12-01,2026-12-08,36.67,Intercepted
SHP-8B05B767,INC-A6C53A45,ACT-3B25DA0A,VEH-4C11904A,Sea Freight,2026-12-02,2026-12-20,9.08,Delivered
SHP-7834977A,INC-BF3565C3,ACT-866A9666,VEH-4FFBE26F,Sea Freight,2026-12-05,2027-01-18,75.74,Intercepted
SHP-F5C7ED6B,INC-71BCD2C8,ACT-D404B1E6,VEH-920EE291,Mixed,2026-12-07,2026-12-18,18.15,In Transit
SHP-42178699,INC-08138381,ACT-34C1CDB5,VEH-17A9FDFD,Air Cargo,2026-12-08,2027-01-05,178.75,Delivered
SHP-EEF42F2C,INC-00F43BE5,ACT-0DD6E664,VEH-875537E2,Air Cargo,2026-12-13,2027-01-16,87.54,Intercepted
SHP-38E15599,INC-0B663344,ACT-2F205955,VEH-09A8C518,Rail,2026-12-17,2027-01-07,22.14,Intercepted
SHP-D52CBBC1,INC-E41D08F2,ACT-B62E0FB9,VEH-0D3D5473,Sea Freight,2026-12-20,2027-01-14,104.89,Delayed
SHP-04A6030A,INC-AE29A212,ACT-239810D5,VEH-42F5939A,Mixed,2026-12-22,2027-02-03,35.2,Intercepted
SHP-24351C53,INC-43B2CB9A,ACT-3EC2CAB2,VEH-CE4C3B2A,Rail,2026-12-25,2027-01-15,71.34,Delivered
SHP-0C0EB032,INC-F3E7C448,ACT-4A810E54,VEH-42F5939A,Road,2026-12-26,2027-01-23,51.23,Intercepted
SHP-F9A0A19E,INC-0AD78984,ACT-157A0D7D,VEH-F1AF1ECA,Road,2026-12-27,2027-01-13,15.46,Delayed
SHP-E32AE932,INC-C435FC84,ACT-A7290540,VEH-89A02B74,Air Cargo,2026-12-28,2027-01-04,18.56,In Transit
SHP-3AE236DE,INC-494FEC72,ACT-E039AAEB,VEH-7769BEB2,Sea Freight,2026-12-29,2027-01-27,83.68,In Transit
SHP-CC4E6DD2,INC-1C5B91BF,ACT-B1A0AF66,VEH-B9296496,Air Cargo,2024-01-04,2024-02-04,24.5,Delayed
SHP-45E4680F,INC-0EC4B271,ACT-45C722DA,VEH-52CEF0A2,Mixed,2024-01-05,2024-02-12,23.03,Delayed
SHP-A44AF8E1,INC-73CA5741,ACT-DBBBE5BC,VEH-7DDE0FB2,Air Cargo,2024-01-10,2024-01-23,14.02,Delayed
SHP-E68CC590,INC-5A9D0819,ACT-40058B0F,VEH-46969AFB,Sea Freight,2024-01-13,2024-01-24,48.48,Intercepted
SHP-A1DB0845,INC-E68D0BDF,ACT-71CD333C,VEH-58A0266E,Road,2024-01-22,2024-02-14,211.93,Delivered
SHP-59CE9727,INC-5E8DF0E8,ACT-BEF7869A,VEH-6D2C4B96,Mixed,2024-01-24,2024-02-24,12.67,In Transit
SHP-D996A769,INC-15999B13,ACT-DUP-0004,VEH-E732151D,Sea Freight,2024-01-30,2024-02-27,33.85,Delayed
SHP-D98C894A,INC-CC3301EE,ACT-6C6CC66E,VEH-E8E1B36D,Air Cargo,2024-02-08,2024-02-25,118.04,In Transit
SHP-305A00B5,INC-F3B15553,ACT-46D85523,VEH-58A0266E,Air Cargo,2024-02-10,2024-02-23,30.82,Delayed
SHP-FB7C8841,INC-0D9BA78C,ACT-6C2A62E9,VEH-6EC350B3,Road,2024-02-14,2024-03-27,49.76,Intercepted
SHP-6AEAA05F,INC-A23E05D2,ACT-F73F1F34,VEH-74BDC153,Rail,2024-02-14,2024-03-07,12.73,Delayed
SHP-526B27CE,INC-CFDECC5B,ACT-01EA26A9,VEH-42F5939A,Sea Freight,2024-02-20,2024-03-07,48.69,Delayed
SHP-414986DB,INC-8FBA0CAB,ACT-DUP-0003,VEH-F22B1F49,Air Cargo,2024-02-27,2024-03-10,27.98,In Transit
SHP-C5FC7D4E,INC-5ED074E5,ACT-9DC49715,VEH-C9C4D321,Road,2024-03-08,2024-03-16,80.41,In Transit
SHP-28B4A0D4,INC-01D7FC4F,ACT-D2CB78D6,VEH-AA99CADF,Rail,2024-03-11,2024-04-17,96.41,Delayed
SHP-A016AF29,INC-A8C18B51,ACT-F0092B27,VEH-1A06A5E8,Mixed,2024-03-20,2024-04-27,340.57,Delayed
SHP-784187CD,INC-6DD32668,ACT-ADF3339E,VEH-920EE291,Road,2024-03-22,2024-04-09,55.79,Delivered
SHP-963F8344,INC-0900EA33,ACT-6C2A62E9,VEH-C5004365,Rail,2024-03-25,2024-04-29,44.4,Delayed
SHP-AC77A377,INC-1632354A,ACT-D4295B58,VEH-386D9F56,Mixed,2024-03-25,2024-04-17,39.45,In Transit
SHP-74E8AFB2,INC-A3DFB62E,ACT-2D0BDD94,VEH-74BDC153,Road,2024-03-26,2024-04-11,24.1,Delayed
SHP-039C0F96,INC-C3E926DF,ACT-3B25DA0A,VEH-F2D4B468,Rail,2024-03-28,2024-05-11,44.91,Delayed
SHP-9BC9130E,INC-3B76D32D,ACT-4A810E54,VEH-FC911057,Rail,2024-03-28,2024-05-08,25.38,Intercepted
SHP-77A0D5CB,INC-023A4B6B,ACT-1D7B2448,VEH-44FE90AD,Mixed,2024-04-03,2024-04-15,38.54,Delivered
SHP-104D193E,INC-D24AB0E3,ACT-2F205955,VEH-8B42C37D,Air Cargo,2024-04-08,2024-04-22,108.4,Delivered
SHP-1F85C2D5,INC-A50D090A,ACT-C1CE62FB,VEH-0D3D5473,Rail,2024-04-16,2024-05-05,13.38,In Transit
SHP-451F8D7C,INC-E8CE8DB8,ACT-7187AEBF,VEH-39068AE2,Mixed,2024-04-16,2024-05-20,92.38,Intercepted
SHP-5F5C96E1,INC-2DDB92C7,ACT-157A0D7D,VEH-D1F669CE,Rail,2024-04-18,2024-05-15,108.35,Delayed
SHP-C345BA18,INC-5B989C61,ACT-5B9A50EE,VEH-89A02B74,Mixed,2024-04-20,2024-06-01,29.78,Delayed
SHP-A41E9FBF,INC-7EE564E7,ACT-B1A0AF66,VEH-4FFBE26F,Sea Freight,2024-04-20,2024-04-27,4.91,Delayed
SHP-96460B36,INC-B0143C0C,ACT-0D3A69A7,VEH-C5004365,Sea Freight,2024-04-25,2024-05-11,19.16,In Transit
SHP-4026D29B,INC-F315480D,ACT-4DBAB638,VEH-D1F669CE,Rail,2024-04-26,2024-05-21,106.41,Intercepted
SHP-25248BE5,INC-60CEEFAB,ACT-DUP-0002,VEH-875537E2,Sea Freight,2024-04-26,2024-05-27,32.44,Delivered
SHP-2E9A5CB3,INC-2E6A776F,ACT-866A9666,VEH-AEAA3C74,Mixed,2024-04-27,2024-05-21,13.47,Delayed
SHP-A5B3B5C4,INC-519C9B4B,ACT-A05EB96B,VEH-44FE90AD,Air Cargo,2024-04-30,2024-05-09,21.02,In Transit
SHP-02AB63FD,INC-D394A13C,ACT-FD05814E,VEH-66E3BDFD,Sea Freight,2024-05-02,2024-06-08,70.57,Intercepted
SHP-74F52C2B,INC-01E8CFE1,ACT-020A968E,VEH-E02E6FFD,Rail,2024-05-04,2024-05-30,54.17,In Transit
SHP-37DC93CE,INC-F1B64D6B,ACT-6E321CE4,VEH-7815991E,Rail,2024-05-05,2024-05-26,26.71,Intercepted
SHP-3AAB4A10,INC-7A314C1F,ACT-157A0D7D,VEH-69A64C1C,Air Cargo,2024-05-06,2024-05-30,23.8,Delayed
SHP-CA1F89A6,INC-6D25D6CE,ACT-DUP-0005,VEH-46969AFB,Mixed,2024-05-12,2024-06-01,23.28,Intercepted
SHP-58B5EE00,INC-78F43FAB,ACT-C246476B,VEH-CE1D2BF3,Sea Freight,2024-05-16,2024-05-26,14.44,Intercepted
SHP-FA078696,INC-4832DCE1,ACT-1DF99FFB,VEH-AEAA3C74,Mixed,2024-05-20,2024-06-28,141.72,In Transit
SHP-57289C43,INC-1D3F2B36,ACT-9FA63766,VEH-74BDC153,Sea Freight,2024-05-21,2024-06-08,24.78,Delivered
SHP-ECEEEEBF,INC-BD1CBF34,ACT-F73F1F34,VEH-D7A1FC4E,Road,2024-05-21,2024-05-30,99.03,Delivered
SHP-E1219C85,INC-3B7B78A7,ACT-C48421F9,VEH-920EE291,Mixed,2024-05-30,2024-06-23,130.21,Delayed
SHP-8D41DDC8,INC-3ED8334F,ACT-F513E9F2,VEH-C5004365,Road,2024-06-02,2024-06-16,81.33,Delayed
SHP-199B0E11,INC-C1488574,ACT-B62E0FB9,VEH-8B42C37D,Rail,2024-06-04,2024-07-19,22.46,Intercepted
SHP-E17FC1AC,INC-EA003C6C,ACT-8F24BB27,VEH-6989DB09,Sea Freight,2024-06-05,2024-07-04,47.62,Intercepted
SHP-C8FB6B88,INC-6E06FEF9,ACT-F73F1F34,VEH-46969AFB,Air Cargo,2024-06-08,2024-06-16,32.4,Delivered
SHP-762D15A1,INC-D7D8E05F,ACT-46D85523,VEH-386D9F56,Road,2024-06-08,2024-06-29,14.68,Delayed
SHP-DADCD141,INC-146BDA30,ACT-A9210483,VEH-F1AF1ECA,Rail,2024-06-17,2024-07-26,44.34,Delivered
SHP-4562AC49,INC-1E296D61,ACT-A9210483,VEH-E732151D,Air Cargo,2024-06-25,2024-07-13,11.46,Intercepted
SHP-66789385,INC-4C54C68E,ACT-5B9A50EE,VEH-46969AFB,Rail,2024-06-26,2024-08-10,96.44,Delayed
SHP-318CBE6C,INC-D8942366,ACT-2BB3216C,VEH-D7A1FC4E,Air Cargo,2024-06-27,2024-07-26,21.8,Delayed
SHP-7D7DDB60,INC-FD6591F7,ACT-D404B1E6,VEH-93BBC0AE,Mixed,2024-07-01,2024-07-27,39.69,In Transit
SHP-25646780,INC-1F9B79FA,ACT-FD05814E,VEH-D1F669CE,Mixed,2024-07-03,2024-07-10,42.73,Intercepted
SHP-C2086D08,INC-B7B4001A,ACT-E039AAEB,VEH-F1AF1ECA,Rail,2024-07-06,2024-08-01,26.23,In Transit
SHP-DB5B7C4B,INC-BBF6FF7D,ACT-A19B3B13,VEH-52246933,Road,2024-07-08,2024-08-05,56.15,Intercepted
SHP-86757301,INC-E2003313,ACT-74B10513,VEH-642110EA,Mixed,2024-07-08,2024-08-03,21.6,Delivered
SHP-F9307610,INC-F16B3BA6,ACT-8AF11CFA,VEH-4FFBE26F,Road,2024-07-12,2024-07-22,72.54,Delivered
SHP-7E962700,INC-C678EEF3,ACT-40058B0F,VEH-6A29C4F6,Road,2024-07-15,2024-07-23,9.86,Delayed
SHP-2C010980,INC-5BEA51F2,ACT-EBD0B65D,VEH-8C4716E8,Mixed,2024-07-19,2024-08-20,37.1,Delivered
SHP-73E7D995,INC-C431ADBC,ACT-DUP-0002,VEH-386D9F56,Road,2024-07-24,2024-08-21,189.62,Intercepted
SHP-1D740FF4,INC-F9FFB5E7,ACT-239810D5,VEH-6D08839D,Road,2024-08-01,2024-08-18,13.46,In Transit
SHP-BE1B4FF4,INC-B8101499,ACT-8F24BB27,VEH-0D3D5473,Mixed,2024-08-08,2024-09-14,17.99,Delivered
SHP-62F7A497,INC-8A267DEE,ACT-CA6408EB,VEH-4FFBE26F,Road,2024-08-10,2024-09-07,52.59,Delivered
SHP-2A40369F,INC-1D3FC12F,ACT-A05EB96B,VEH-69A64C1C,Road,2024-08-11,2024-09-06,38.92,Intercepted
SHP-F7ED1158,INC-976F24FE,ACT-C48421F9,VEH-F22B1F49,Sea Freight,2024-08-12,2024-09-25,45.4,Delayed
SHP-80C73A8B,INC-94B20477,ACT-71CD333C,VEH-3E4BA0D6,Rail,2024-08-15,2024-08-25,51.43,Delivered
SHP-CA66F8C1,INC-3911A5DD,ACT-ADF3339E,VEH-F7F36C05,Mixed,2024-08-17,2024-09-25,58.63,Intercepted
SHP-5D9BC661,INC-42FE4868,ACT-74B10513,VEH-E779DE2C,Air Cargo,2024-08-17,2024-09-19,89.9,Delivered
SHP-609ACF98,INC-00274222,ACT-480A6546,VEH-3B9C1DE1,Air Cargo,2024-08-18,2024-09-15,47.89,Intercepted
SHP-00735626,INC-1CDD4560,ACT-DUP-0005,VEH-89A02B74,Road,2024-08-18,2024-09-05,26.65,Delivered
SHP-0B687A42,INC-063C1F2C,ACT-5BCEA423,VEH-52CEF0A2,Rail,2024-08-22,2024-09-18,60.66,Intercepted
SHP-70F429FF,INC-C34BD297,ACT-C246476B,VEH-C5004365,Rail,2024-08-23,2024-09-12,183.07,In Transit
SHP-C54D411D,INC-D7628F86,ACT-6C6CC66E,VEH-B4220363,Rail,2024-08-25,2024-09-09,29.39,Delayed
SHP-E8138B8E,INC-BF08DBB6,ACT-A9F1176D,VEH-7DDE0FB2,Sea Freight,2024-08-28,2024-10-01,13.78,In Transit
SHP-DE3CAB36,INC-10F165CA,ACT-FD05814E,VEH-39068AE2,Sea Freight,2024-08-28,2024-10-08,89.69,Intercepted
SHP-BE570340,INC-D34E63D1,ACT-8A3A138F,VEH-E779DE2C,Sea Freight,2024-08-31,2024-10-10,29.72,Delivered
SHP-0CD89D47,INC-1B2B6136,ACT-9150A102,VEH-79A71B87,Air Cargo,2024-09-01,2024-09-22,4.69,In Transit
SHP-5C597A78,INC-37F58A26,ACT-D2CB78D6,VEH-BDB5EE5C,Air Cargo,2024-09-03,2024-10-04,71.0,In Transit
SHP-226398C4,INC-60F32002,ACT-024E3B6A,VEH-58A0266E,Rail,2024-09-06,2024-09-15,20.45,Intercepted
SHP-B409E54D,INC-A1D80761,ACT-1B6D6C5C,VEH-7815991E,Rail,2024-09-12,2024-10-16,30.52,Intercepted
SHP-EB6A3B53,INC-FE7DD637,ACT-8AF11CFA,VEH-42F5939A,Sea Freight,2024-09-14,2024-10-03,44.65,Delivered
SHP-62FA5D69,INC-C462BE8D,ACT-0137B6D6,VEH-0D3D5473,Sea Freight,2024-09-15,2024-10-06,39.31,Delivered
SHP-E9A93701,INC-FE66FC1A,ACT-EBD0B65D,VEH-CF6FE00C,Rail,2024-09-26,2024-10-10,62.71,Intercepted
SHP-696C7055,INC-F7233FDE,ACT-F73F1F34,VEH-D1F669CE,Mixed,2024-09-27,2024-11-07,22.38,In Transit
SHP-6881AB82,INC-2C70FAE0,ACT-F73F1F34,VEH-F1AF1ECA,Sea Freight,2024-09-27,2024-10-10,52.55,Delayed
SHP-AEEC1854,INC-CE3FC3E6,ACT-95A4317F,VEH-55A72D76,Mixed,2024-09-28,2024-11-02,26.22,Intercepted
SHP-CF38DC94,INC-BD8D0EED,ACT-ADB13586,VEH-AA99CADF,Air Cargo,2024-09-29,2024-11-05,64.39,In Transit
SHP-8B1C559F,INC-E52BE33F,ACT-0D3A69A7,VEH-69A64C1C,Mixed,2024-10-02,2024-10-28,57.62,Intercepted
SHP-FAA8BE83,INC-C23A7161,ACT-B1A0AF66,VEH-7815991E,Sea Freight,2024-10-07,2024-11-21,14.27,In Transit
SHP-BC803011,INC-37FAC3CA,ACT-E039AAEB,VEH-C5004365,Rail,2024-10-13,2024-11-07,88.0,Delivered
SHP-984AE4C8,INC-503191E9,ACT-6C2A62E9,VEH-39068AE2,Mixed,2024-10-22,2024-12-06,20.44,Delivered
SHP-0974743F,INC-8EB5B84D,ACT-40058B0F,VEH-3B9C1DE1,Air Cargo,2024-10-23,2024-11-21,68.53,In Transit
SHP-19318CD0,INC-18B3A5B0,ACT-A7290540,VEH-3030EB47,Rail,2024-10-24,2024-12-05,46.09,Intercepted
SHP-6E1FBE5F,INC-17AA367E,ACT-20D0E245,VEH-6989DB09,Sea Freight,2024-11-02,2024-11-24,173.19,In Transit
SHP-1D0D25D3,INC-B340A50F,ACT-DUP-0007,VEH-D1F669CE,Air Cargo,2024-11-18,2024-12-31,27.08,In Transit
SHP-49103E47,INC-F8517BB9,ACT-0D3A69A7,VEH-42F5939A,Road,2024-12-01,2025-01-09,24.18,Delivered
SHP-98635F02,INC-3C7F2D1E,ACT-6C2A62E9,VEH-F22B1F49,Rail,2024-12-08,2025-01-13,32.54,In Transit
SHP-8E014C58,INC-A90DF55B,ACT-C1CE62FB,VEH-F95FA7A4,Road,2024-12-15,2024-12-28,25.21,Intercepted
SHP-F53486DB,INC-2005D018,ACT-F70E04EC,VEH-52CEF0A2,Sea Freight,2024-12-16,2025-01-12,68.03,In Transit
SHP-AD736F35,INC-CD369185,ACT-9DC49715,VEH-7815991E,Road,2024-12-16,2024-12-23,7.73,Intercepted
SHP-4D46DC8C,INC-9E289A1E,ACT-D4295B58,VEH-AA99CADF,Sea Freight,2024-12-21,2025-01-25,12.83,Intercepted
SHP-E0BF69A2,INC-4BCBFFEF,ACT-F70E04EC,VEH-16615E5D,Rail,2024-12-30,2025-01-27,12.67,Delayed
SHP-4F0611D8,INC-A8E89DAC,ACT-A9F1176D,VEH-66E3BDFD,Rail,2025-01-02,2025-02-07,77.89,Delayed
SHP-BAC9093F,INC-9C66862F,ACT-61CA522C,VEH-AA99CADF,Sea Freight,2025-01-04,2025-01-21,154.4,Delivered
SHP-E0314A4A,INC-B8872C0C,ACT-DUP-0004,VEH-69A64C1C,Mixed,2025-01-05,2025-01-18,30.14,Delayed
SHP-1601EBD8,INC-C080047C,ACT-ADF3339E,VEH-B4220363,Road,2025-01-14,2025-02-01,28.45,In Transit
SHP-034D988D,INC-9B509137,ACT-DUP-0005,VEH-7DDE0FB2,Sea Freight,2025-01-23,2025-02-07,35.27,Delayed
SHP-0E68330E,INC-38A2513D,ACT-28E1066F,VEH-B5D8E814,Road,2025-01-24,2025-02-28,94.23,Intercepted
SHP-C9ED75F0,INC-62F9706C,ACT-DBBBE5BC,VEH-F1AF1ECA,Road,2025-01-25,2025-02-01,14.37,In Transit
SHP-56C39FB2,INC-89C9D480,ACT-3FD962A7,VEH-B5D8E814,Rail,2025-01-27,2025-03-02,41.04,Intercepted
SHP-E47771CF,INC-6E3D7227,ACT-BA821236,VEH-E89C1A00,Sea Freight,2025-01-30,2025-03-02,79.65,Delivered
SHP-93670319,INC-C331EBE5,ACT-DUP-0007,VEH-FC911057,Air Cargo,2025-01-31,2025-03-11,51.99,In Transit
SHP-C3106386,INC-10093B7D,ACT-F513E9F2,VEH-4C11904A,Road,2025-02-01,2025-03-11,39.28,Intercepted
SHP-B4893529,INC-1773DDC0,ACT-DBBBE5BC,VEH-4FFBE26F,Mixed,2025-02-14,2025-02-24,81.53,Delayed
SHP-129C645D,INC-CFB16B32,ACT-7A15D23A,VEH-E779DE2C,Rail,2025-02-15,2025-03-19,2.91,Delayed
SHP-33B0EF1B,INC-589AB78F,ACT-157A0D7D,VEH-89A02B74,Rail,2025-02-16,2025-03-31,60.95,Delayed
SHP-5784FB8F,INC-94298C74,ACT-DUP-0008,VEH-F7F36C05,Sea Freight,2025-02-18,2025-03-17,18.38,In Transit
SHP-F8F771F9,INC-A87B0AD0,ACT-EBD0B65D,VEH-3030EB47,Mixed,2025-02-24,2025-03-28,6.38,In Transit
SHP-6CBEE4A2,INC-43C37A4A,ACT-525CFB31,VEH-4FFBE26F,Mixed,2025-02-26,2025-03-10,52.46,Delivered
SHP-98D304A0,INC-515699A6,ACT-EB994163,VEH-020B8766,Sea Freight,2025-02-28,2025-04-05,114.01,Delivered
SHP-113E4A24,INC-30BA3CAE,ACT-DUP-0002,VEH-3030EB47,Road,2025-03-02,2025-04-07,29.26,Delayed
SHP-7D2F8888,INC-BE5B30E7,ACT-CA6408EB,VEH-74BDC153,Sea Freight,2025-03-02,2025-03-16,78.07,Intercepted
SHP-F8EE6E5D,INC-1531B1ED,ACT-FD05814E,VEH-F22B1F49,Sea Freight,2025-03-03,2025-04-01,141.32,In Transit
SHP-6ADD7452,INC-060C103D,ACT-6F081E40,VEH-58A0266E,Rail,2025-03-08,2025-03-25,108.14,In Transit
SHP-D633CBAE,INC-9E823210,ACT-76F7BDE8,VEH-B4220363,Air Cargo,2025-03-08,2025-03-31,144.89,In Transit
SHP-BDE0932B,INC-B5390996,ACT-480A6546,VEH-8E8C7BFC,Air Cargo,2025-03-20,2025-04-21,64.58,Intercepted
SHP-D9692695,INC-512A9B14,ACT-451B57E0,VEH-69A64C1C,Mixed,2025-03-23,2025-04-05,35.44,In Transit
SHP-2DDB489A,INC-CA1AE4F9,ACT-DUP-0010,VEH-89A02B74,Air Cargo,2025-03-23,2025-04-27,7.83,Delayed
SHP-37707DFC,INC-BF83886D,ACT-F73F1F34,VEH-4FFBE26F,Mixed,2025-03-24,2025-03-31,26.54,Delayed
SHP-EB1F3C85,INC-8946B5F9,ACT-B62E0FB9,VEH-46969AFB,Mixed,2025-03-29,2025-05-12,15.5,Delivered
SHP-0A7263D8,INC-3A7D94EE,ACT-A8B80500,VEH-58A0266E,Mixed,2025-03-29,2025-04-13,233.66,Intercepted
SHP-179999CB,INC-D360954F,ACT-B1A0AF66,VEH-8C4716E8,Mixed,2025-04-03,2025-05-12,28.27,Delivered
SHP-9F153763,INC-5ECD4F9B,ACT-1B6D6C5C,VEH-44FE90AD,Road,2025-04-04,2025-04-28,37.0,Delayed
SHP-2E07809E,INC-41438DE4,ACT-93684B5D,VEH-6989DB09,Mixed,2025-04-05,2025-04-20,54.4,Intercepted
SHP-DDC61FF7,INC-A5B18D16,ACT-1D992B5E,VEH-2B492B5D,Air Cargo,2025-04-08,2025-05-20,34.44,Delivered
SHP-C07F17B8,INC-A03A3F0C,ACT-61CA522C,VEH-79A71B87,Air Cargo,2025-04-09,2025-05-04,152.25,Intercepted
SHP-94551CE5,INC-63DF534D,ACT-DUP-0003,VEH-953B7492,Mixed,2025-04-13,2025-04-27,18.91,Delayed
SHP-937EFE10,INC-9DA78801,ACT-F702EB53,VEH-3030EB47,Sea Freight,2025-04-14,2025-05-25,39.45,In Transit
SHP-2E22B307,INC-8F5F24D4,ACT-7187AEBF,VEH-55A72D76,Sea Freight,2025-04-14,2025-04-22,16.98,In Transit
SHP-16160908,INC-D6764190,ACT-EA441661,VEH-66E3BDFD,Road,2025-04-15,2025-05-04,10.09,Intercepted
SHP-F71CB467,INC-48AB8F6C,ACT-40058B0F,VEH-E779DE2C,Air Cargo,2025-04-19,2025-05-05,19.09,In Transit
SHP-8D3DB285,INC-7A465F5A,ACT-3EC2CAB2,VEH-8B42C37D,Mixed,2025-04-24,2025-05-23,32.03,Delivered
SHP-1E778C83,INC-3309C37C,ACT-4A810E54,VEH-8C4716E8,Mixed,2025-04-26,2025-06-07,22.5,Intercepted
SHP-EF80DB2D,INC-728F0959,ACT-A8B80500,VEH-55A72D76,Rail,2025-04-30,2025-05-10,17.76,Intercepted
SHP-2F63ECC3,INC-431E4BE0,ACT-20D0E245,VEH-6989DB09,Road,2025-05-05,2025-06-16,9.34,Delivered
SHP-82E7E092,INC-FF21C80A,ACT-130BC3BE,VEH-386D9F56,Mixed,2025-05-06,2025-06-10,30.73,Delivered
SHP-924876C7,INC-9F36A672,ACT-BDA5B9AD,VEH-F22B1F49,Air Cargo,2025-05-14,2025-06-02,8.55,In Transit
SHP-B65D3AA1,INC-5F1EE080,ACT-F134FC9B,VEH-F95FA7A4,Rail,2025-05-17,2025-06-04,65.63,In Transit
SHP-1BA7D707,INC-DC1DE291,ACT-6C2A62E9,VEH-52246933,Air Cargo,2025-05-17,2025-06-20,35.67,Delivered
SHP-BF069F6D,INC-05AA8387,ACT-5BCEA423,VEH-7769BEB2,Road,2025-05-18,2025-07-01,8.92,Delayed
SHP-9248EEB2,INC-33BF5D05,ACT-ADB13586,VEH-B5D8E814,Road,2025-05-19,2025-06-04,25.07,In Transit
SHP-91E9DFD0,INC-DF24931D,ACT-CFAB48FB,VEH-875537E2,Sea Freight,2025-05-24,2025-06-19,16.83,Intercepted
SHP-AF0EB92C,INC-D3B016C3,ACT-FDE9DAFE,VEH-6989DB09,Mixed,2025-05-28,2025-07-07,44.14,In Transit
SHP-01A77701,INC-0EBE2272,ACT-802FEC44,VEH-74BDC153,Mixed,2025-06-01,2025-07-10,110.65,Delayed
SHP-1891CCA1,INC-822AF71E,ACT-CA6408EB,VEH-79A71B87,Air Cargo,2025-06-01,2025-06-13,6.12,Intercepted
SHP-9B2807C0,INC-BFF12B37,ACT-40058B0F,VEH-CF6FE00C,Air Cargo,2025-06-02,2025-06-30,36.73,Delayed
SHP-DAC0CE5E,INC-ACD8DFCD,ACT-F70E04EC,VEH-3030EB47,Road,2025-06-10,2025-07-22,28.67,Delayed
SHP-C81F88C9,INC-C54BDAF9,ACT-6AB623B4,VEH-B4220363,Sea Freight,2025-06-10,2025-07-02,60.59,Intercepted
SHP-4A6DC090,INC-CFDECC5B,ACT-DUP-0002,VEH-DUP-000,Rail,2024-02-20,2024-03-22,40.12,Intercepted
SHP-A06F116A,INC-3B76D32D,ACT-DUP-0010,VEH-DUP-042,Road,2024-03-28,2024-05-08,16.83,In Transit
SHP-9537A80C,INC-E8CE8DB8,ACT-DUP-0008,VEH-DUP-031,Mixed,2024-04-16,2024-05-26,24.85,Delayed
SHP-F58D170A,INC-5B989C61,ACT-DUP-0002,VEH-DUP-000,Road,2024-04-20,2024-05-28,16.18,Delivered
SHP-79ED8BC7,INC-2E6A776F,ACT-DUP-0004,VEH-DUP-012,Sea Freight,2024-04-27,2024-05-24,87.22,In Transit
SHP-4D4F159E,INC-6D25D6CE,ACT-DUP-0001,VEH-DUP-002,Mixed,2024-05-12,2024-05-29,33.76,In Transit
SHP-8E7FE940,INC-1D3F2B36,ACT-DUP-0007,VEH-DUP-030,Air Cargo,2024-05-21,2024-06-01,183.29,Delayed
SHP-A3144CB6,INC-3ED8334F,ACT-DUP-0006,VEH-DUP-020,Mixed,2024-06-02,2024-06-15,31.36,Delayed
SHP-DF6C8700,INC-D7D8E05F,ACT-DUP-0002,VEH-DUP-002,Air Cargo,2024-06-08,2024-06-19,17.5,In Transit
SHP-3FE9C6B5,INC-94B20477,ACT-DUP-0002,VEH-DUP-002,Road,2024-08-15,2024-09-20,8.48,In Transit
SHP-7EB72CFD,INC-3911A5DD,ACT-DUP-0001,VEH-DUP-000,Sea Freight,2024-08-17,2024-08-29,6.54,Delivered
SHP-16AC1D68,INC-063C1F2C,ACT-DUP-0008,VEH-DUP-032,Sea Freight,2024-08-22,2024-09-14,7.96,Delivered
SHP-CF55BC6D,INC-C34BD297,ACT-DUP-0001,VEH-DUP-001,Rail,2024-08-23,2024-09-15,42.12,Delayed
SHP-6BD0F7FC,INC-D7628F86,ACT-DUP-0003,VEH-DUP-011,Road,2024-08-25,2024-09-26,52.34,In Transit
SHP-DA2D46E8,INC-10F165CA,ACT-DUP-0004,VEH-DUP-012,Sea Freight,2024-08-28,2024-09-28,7.98,In Transit
SHP-01C9FE0C,INC-60F32002,ACT-DUP-0004,VEH-DUP-012,Mixed,2024-09-06,2024-09-17,74.11,In Transit
SHP-7302810F,INC-FE66FC1A,ACT-DUP-0003,VEH-DUP-011,Mixed,2024-09-26,2024-10-07,21.44,In Transit
SHP-1A1ADE18,INC-BD8D0EED,ACT-DUP-0007,VEH-DUP-032,Road,2024-09-29,2024-10-24,37.79,In Transit
SHP-066B7052,INC-E52BE33F,ACT-DUP-0004,VEH-DUP-011,Rail,2024-10-02,2024-10-27,141.32,Delayed
SHP-BD292C40,INC-17AA367E,ACT-DUP-0003,VEH-DUP-011,Air Cargo,2024-11-02,2024-11-10,74.23,Delivered
SHP-C348BDD1,INC-A8E89DAC,ACT-DUP-0002,VEH-DUP-002,Rail,2025-01-02,2025-01-17,26.01,Intercepted
SHP-707DCC60,INC-10093B7D,ACT-DUP-0002,VEH-DUP-001,Road,2025-02-01,2025-02-17,14.85,In Transit
SHP-FF83ECAB,INC-589AB78F,ACT-DUP-0002,VEH-DUP-002,Air Cargo,2025-02-16,2025-03-30,4.77,In Transit
SHP-9FE1CB00,INC-BE5B30E7,ACT-DUP-0010,VEH-DUP-040,Mixed,2025-03-02,2025-03-11,17.34,Delayed
SHP-D449AF2E,INC-8946B5F9,ACT-DUP-0001,VEH-DUP-002,Sea Freight,2025-03-29,2025-05-09,27.38,Intercepted
SHP-6B08364B,INC-A5B18D16,ACT-DUP-0006,VEH-DUP-022,Road,2025-04-08,2025-04-28,13.62,Delivered
SHP-E7990B55,INC-D6764190,ACT-DUP-0009,VEH-DUP-042,Mixed,2025-04-15,2025-05-18,29.43,Delivered
SHP-D33DD95F,INC-FF21C80A,ACT-DUP-0008,VEH-DUP-030,Air Cargo,2025-05-06,2025-05-23,35.49,Intercepted
SHP-D0D71A26,INC-DC1DE291,ACT-DUP-0007,VEH-DUP-030,Air Cargo,2025-05-17,2025-06-05,27.05,In Transit
SHP-AF854377,INC-0EBE2272,ACT-DUP-0004,VEH-DUP-011,Mixed,2025-06-01,2025-07-13,18.45,In Transit
SHP-0741375C,INC-30714B3F,ACT-DUP-0007,VEH-DUP-032,Sea Freight,2025-06-24,2025-07-19,38.54,Intercepted
SHP-B949244A,INC-DABFAEBC,ACT-DUP-0001,VEH-DUP-000,Mixed,2025-06-26,2025-07-09,49.29,Delayed
SHP-FDAB9DE9,INC-C9972064,ACT-DUP-0001,VEH-DUP-001,Air Cargo,2025-06-29,2025-07-27,12.41,Delivered
SHP-465619F4,INC-CDA89BFA,ACT-DUP-0010,VEH-DUP-041,Mixed,2025-06-30,2025-07-13,117.9,In Transit
SHP-8453E66D,INC-84D99EB6,ACT-DUP-0008,VEH-DUP-031,Rail,2025-07-16,2025-08-04,30.3,Delayed
SHP-F3A0F335,INC-60A557B7,ACT-DUP-0004,VEH-DUP-012,Road,2025-11-02,2025-11-30,33.68,Delivered
SHP-5D42D6A0,INC-BC46527B,ACT-DUP-0008,VEH-DUP-032,Road,2025-11-14,2025-12-27,62.64,Intercepted
SHP-6A8D2226,INC-9A927874,ACT-DUP-0009,VEH-DUP-040,Sea Freight,2025-11-17,2025-12-21,40.85,Intercepted
SHP-9D6D22AB,INC-EF577071,ACT-DUP-0006,VEH-DUP-020,Rail,2025-11-28,2025-12-20,78.09,Intercepted
SHP-C97A9675,INC-32161C4F,ACT-DUP-0005,VEH-DUP-020,Road,2025-12-21,2026-01-20,42.88,Delayed
SHP-A4A1B799,INC-822B9C23,ACT-DUP-0009,VEH-DUP-041,Road,2025-12-29,2026-02-03,19.08,Intercepted
SHP-0F5B3CE7,INC-8D27A117,ACT-DUP-0001,VEH-DUP-002,Sea Freight,2026-01-19,2026-02-26,45.85,Delivered
SHP-F2F5E0AF,INC-17D6DB38,ACT-DUP-0005,VEH-DUP-020,Road,2026-02-06,2026-03-23,11.83,Delivered
SHP-8E16AA06,INC-40171DBA,ACT-DUP-0007,VEH-DUP-030,Road,2026-03-17,2026-04-27,36.51,In Transit
SHP-16B26C5C,INC-DA76F294,ACT-DUP-0002,VEH-DUP-000,Mixed,2026-04-25,2026-05-06,32.14,In Transit
SHP-1662F215,INC-8701EC71,ACT-DUP-0005,VEH-DUP-022,Rail,2026-05-25,2026-07-08,27.46,Delivered
SHP-FDE45355,INC-403FDB4C,ACT-DUP-0006,VEH-DUP-022,Road,2026-05-26,2026-06-04,29.5,Delayed
SHP-AFB705AD,INC-877EF9A7,ACT-DUP-0010,VEH-DUP-041,Rail,2026-06-16,2026-07-02,6.09,Delivered
SHP-3E380296,INC-6391E51B,ACT-DUP-0005,VEH-DUP-022,Road,2026-06-19,2026-08-02,20.21,Delivered
SHP-432636AE,INC-92F2DDB3,ACT-DUP-0007,VEH-DUP-032,Mixed,2026-06-28,2026-08-03,36.0,In Transit
SHP-1EA398BC,INC-8FA93DB2,ACT-DUP-0010,VEH-DUP-041,Mixed,2026-07-07,2026-08-08,38.24,In Transit
SHP-B7375EF5,INC-1B0E87B2,ACT-DUP-0003,VEH-DUP-012,Air Cargo,2026-07-24,2026-08-15,13.13,Delivered
SHP-753ABA9B,INC-A251BBF1,ACT-DUP-0004,VEH-DUP-010,Air Cargo,2026-07-26,2026-08-30,103.46,Delivered
SHP-FD54F1F2,INC-FE8EFEF7,ACT-DUP-0008,VEH-DUP-031,Sea Freight,2026-07-31,2026-09-06,15.19,Delivered
SHP-82B2D615,INC-5319B266,ACT-DUP-0007,VEH-DUP-030,Sea Freight,2026-08-28,2026-10-05,79.24,Intercepted
SHP-D8F1E3CB,INC-6643099B,ACT-DUP-0005,VEH-DUP-020,Sea Freight,2026-08-31,2026-09-30,48.64,Delivered
SHP-8561C5A1,INC-B3F13D55,ACT-DUP-0007,VEH-DUP-031,Rail,2026-09-01,2026-10-11,18.51,Delayed
SHP-C10B5F31,INC-48A7B2CB,ACT-DUP-0004,VEH-DUP-010,Sea Freight,2026-09-02,2026-10-08,163.66,Intercepted
SHP-2A15FD0A,INC-4A1D04B0,ACT-DUP-0009,VEH-DUP-042,Mixed,2026-09-07,2026-09-20,11.31,Intercepted
SHP-86167D32,INC-F4EEC901,ACT-DUP-0007,VEH-DUP-032,Mixed,2026-09-13,2026-10-06,75.73,Delivered
SHP-7784A7EB,INC-D7A578CB,ACT-DUP-0007,VEH-DUP-032,Rail,2026-09-13,2026-10-14,81.49,Intercepted
SHP-20748248,INC-F97EDDD5,ACT-DUP-0006,VEH-DUP-022,Sea Freight,2026-09-25,2026-11-08,18.11,Intercepted
SHP-8EEF568D,INC-EEE150DB,ACT-DUP-0001,VEH-DUP-000,Mixed,2026-09-29,2026-10-30,115.96,Delayed
SHP-84E1A3D6,INC-024F87A5,ACT-DUP-0002,VEH-DUP-001,Rail,2026-10-03,2026-11-01,26.44,Delayed
SHP-E45F80E9,INC-4187585A,ACT-DUP-0004,VEH-DUP-010,Mixed,2026-10-15,2026-11-29,42.94,Delivered
SHP-9AE02EE3,INC-D10E4C8F,ACT-DUP-0002,VEH-DUP-000,Air Cargo,2026-10-24,2026-11-28,41.86,In Transit
SHP-BD8C4AD8,INC-4E49C454,ACT-DUP-0004,VEH-DUP-012,Road,2026-11-10,2026-12-19,29.34,Delivered
SHP-B11C289A,INC-131AE7EA,ACT-DUP-0005,VEH-DUP-020,Air Cargo,2026-11-19,2026-12-05,68.7,Intercepted
SHP-9D2F2691,INC-ECB2E22B,ACT-DUP-0006,VEH-DUP-022,Sea Freight,2026-11-24,2027-01-08,67.64,Delivered
SHP-F37B2008,INC-A6C53A45,ACT-DUP-0002,VEH-DUP-001,Sea Freight,2026-12-02,2027-01-04,6.86,Delayed
SHP-47F0F468,INC-00F43BE5,ACT-DUP-0007,VEH-DUP-031,Air Cargo,2026-12-13,2027-01-19,107.12,Delivered
SHP-D0FB7BD5,INC-E41D08F2,ACT-DUP-0005,VEH-DUP-020,Air Cargo,2026-12-20,2027-01-22,7.42,In Transit
